report_id,source,source_type,sif_potential_weak_label,label_basis,date,country,function,cause,activity,primary_life_saving_rule,secondary_life_saving_rule,narrative,what_went_wrong,corrective_actions,causal_factors,model_input
IOGP-HPE-2025-001,IOGP Safety performance indicators – 2025 data: High potential event reports,High Potential Event (HPE),1,Source document is an IOGP High Potential Event report,13 Mar 2025,Gabon,Drilling,"Caught in, under or between (excl. dropped objects)",Transport - Land,Driving,Line of fire,"On Thursday March 13th, 2025, the crew change bus had a road accident. It was 18h30 and after a heavy rain at the time of the incident. The bus driver was driving too close to the road edge to avoid potholes of the road section. While doing so a part of the road edge collapsed under the right front bus tire making the bus end its trajectory on the pipelines on the side of the road with 28 pax on board. Immediate action: • An alcohol test was performed (negative). • The TAG removed. • Rearranged work because of restricted mobility due to ankle sprain.","Road accident: Bus swerved to avoid potholes and crashed ending up on its side. During emergency exit, one passenger twisted his ankle badly and ended with a lost injury.","The bus had design flaws, and all buses of this type were completely removed from our bus fleet. In addition, the procedure for driving on our laterite roads was reviewed.","PEOPLE (ACTS): Following Procedures: Improper position (in the line of fire) PEOPLE (ACTS): Following Procedures: Work or motion at improper speed PROCESS (CONDITIONS): Work Place Hazards: Inadequate surfaces, floors, walkways or roads PROCESS (CONDITIONS): Work Place Hazards: Storms or acts of nature PROCESS (CONDITIONS): Organizational: Inadequate hazard identification or risk assessment AFRICA ONSHORE 5","NARRATIVE: On Thursday March 13th, 2025, the crew change bus had a road accident. It was 18h30 and after a heavy rain at the time of the incident. The bus driver was driving too close to the road edge to avoid potholes of the road section. While doing so a part of the road edge collapsed under the right front bus tire making the bus end its trajectory on the pipelines on the side of the road with 28 pax on board. Immediate action: • An alcohol test was performed (negative). • The TAG removed. • Rearranged work because of restricted mobility due to ankle sprain. | WHAT WENT WRONG: Road accident: Bus swerved to avoid potholes and crashed ending up on its side. During emergency exit, one passenger twisted his ankle badly and ended with a lost injury. | CAUSAL FACTORS: PEOPLE (ACTS): Following Procedures: Improper position (in the line of fire) PEOPLE (ACTS): Following Procedures: Work or motion at improper speed PROCESS (CONDITIONS): Work Place Hazards: Inadequate surfaces, floors, walkways or roads PROCESS (CONDITIONS): Work Place Hazards: Storms or acts of nature PROCESS (CONDITIONS): Organizational: Inadequate hazard identification or risk assessment AFRICA ONSHORE 5"
IOGP-HPE-2025-002,IOGP Safety performance indicators – 2025 data: High potential event reports,High Potential Event (HPE),1,Source document is an IOGP High Potential Event report,01 May 2025,Gabon,Drilling,Struck by (not dropped object),"Lifting, crane, rigging, deck operations",Safe mechanical lifting,Line of fire,"At around 4am on 1st of May, the two men on the crane were assigned to a new location. The operation involved depositing the counterweights. Following a counter-order from the supervisor, they had to carry out a final lift before going on to the new location. The spider chains were replaced on the counterweights. As the chains are lifted, one of the hooks gets caught in the guide of the counterweight. When the chains come off, they have a spring effect. The banksman can't reasonably control three of them and the fourth spins around him with his back lower. The spider chain hit the banksman at the back. The IP received pain killer treatment before transferring to hospital by chopper. The IP suffered a permanent impairment injury.",The banksman was hit by one of the four hooks on the spider chain.,"• Poor work planning. • Inadequate communication between workers. • Inadequate execution of the operation. • Failure to follow lifting procedures, resulting in risks becoming normalized.",PEOPLE (ACTS): Following Procedures: Improper position (in the line of fire) PEOPLE (ACTS): Following Procedures: Improper lifting or loading PEOPLE (ACTS): Inattention/Lack of Awareness: Improper decision making or lack of judgment PROCESS (CONDITIONS): Organizational: Inadequate hazard identification or risk assessment PROCESS (CONDITIONS): Organizational: Inadequate communication PROCESS (CONDITIONS): Organizational: Poor leadership/organizational culture AFRICA ONSHORE 6,"NARRATIVE: At around 4am on 1st of May, the two men on the crane were assigned to a new location. The operation involved depositing the counterweights. Following a counter-order from the supervisor, they had to carry out a final lift before going on to the new location. The spider chains were replaced on the counterweights. As the chains are lifted, one of the hooks gets caught in the guide of the counterweight. When the chains come off, they have a spring effect. The banksman can't reasonably control three of them and the fourth spins around him with his back lower. The spider chain hit the banksman at the back. The IP received pain killer treatment before transferring to hospital by chopper. The IP suffered a permanent impairment injury. | WHAT WENT WRONG: The banksman was hit by one of the four hooks on the spider chain. | CAUSAL FACTORS: PEOPLE (ACTS): Following Procedures: Improper position (in the line of fire) PEOPLE (ACTS): Following Procedures: Improper lifting or loading PEOPLE (ACTS): Inattention/Lack of Awareness: Improper decision making or lack of judgment PROCESS (CONDITIONS): Organizational: Inadequate hazard identification or risk assessment PROCESS (CONDITIONS): Organizational: Inadequate communication PROCESS (CONDITIONS): Organizational: Poor leadership/organizational culture AFRICA ONSHORE 6"
IOGP-HPE-2025-003,IOGP Safety performance indicators – 2025 data: High potential event reports,High Potential Event (HPE),1,Source document is an IOGP High Potential Event report,18 Aug 2025,Gabon,Drilling,Struck by (not dropped object),"Lifting, crane, rigging, deck operations",Line of fire,Work authorization,"On 18 August 2025, a team was installing a 6-inch pipe over a 35-metre section between two lines. This pipe was also to be used during WO operations. During the operation, the team separated a 6-inch pipe from a 2-inch pipe, both of which had previously been tied together with cords. During the lifting phase, the cords were gradually cut to separate the two pipes. When the third cord was cut, the tension accumulated in the 6-inch pipe, which was bent at the time, was suddenly released. The pipe rebounded and struck an operator's right leg between the ankle and knee, causing an open fracture. The supervisor was immediately informed, the control room was alerted, and emergency procedures were quickly implemented.","PI: Right leg open fracture of staff during the connection operation, while lifting a 6-inch pipe and a 2-inch pipe, both of which had previously been tied together with ropes on the 18th August 2025.",All work performed requires a dedicated method statement/JHA. The JHA and PTW are updated for all job applicants. Improve the behaviour of the authorities responsible for stopping work at all subcontractors. Review the management of the contract.,"PEOPLE (ACTS): Following Procedures: Improper position (in the line of fire) PEOPLE (ACTS): Use of Tools, Equipment, Materials and Products: Improper use/position of tools/equipment/ materials/products PEOPLE (ACTS): Inattention/Lack of Awareness: Improper decision making or lack of judgment PROCESS (CONDITIONS): Organizational: Inadequate hazard identification or risk assessment PROCESS (CONDITIONS): Organizational: Inadequate supervision AFRICA ONSHORE 7","NARRATIVE: On 18 August 2025, a team was installing a 6-inch pipe over a 35-metre section between two lines. This pipe was also to be used during WO operations. During the operation, the team separated a 6-inch pipe from a 2-inch pipe, both of which had previously been tied together with cords. During the lifting phase, the cords were gradually cut to separate the two pipes. When the third cord was cut, the tension accumulated in the 6-inch pipe, which was bent at the time, was suddenly released. The pipe rebounded and struck an operator's right leg between the ankle and knee, causing an open fracture. The supervisor was immediately informed, the control room was alerted, and emergency procedures were quickly implemented. | WHAT WENT WRONG: PI: Right leg open fracture of staff during the connection operation, while lifting a 6-inch pipe and a 2-inch pipe, both of which had previously been tied together with ropes on the 18th August 2025. | CAUSAL FACTORS: PEOPLE (ACTS): Following Procedures: Improper position (in the line of fire) PEOPLE (ACTS): Use of Tools, Equipment, Materials and Products: Improper use/position of tools/equipment/ materials/products PEOPLE (ACTS): Inattention/Lack of Awareness: Improper decision making or lack of judgment PROCESS (CONDITIONS): Organizational: Inadequate hazard identification or risk assessment PROCESS (CONDITIONS): Organizational: Inadequate supervision AFRICA ONSHORE 7"
IOGP-HPE-2025-004,IOGP Safety performance indicators – 2025 data: High potential event reports,High Potential Event (HPE),1,Source document is an IOGP High Potential Event report,19 Jan 2025,Gabon,Construction,"Explosion, fire or burns","Maintenance, inspection, testing",Work authorization,Bypassing safety controls,"On January 19, 2025, during restart attempts of the HP-A Gas Compressor following corrective maintenance, an unusually loud noise was heard from the exhaust. Seconds later, the fire alarm was triggered, and it was observed that the exhaust structure had fallen off. Technicians in the vicinity immediately pressed the compressor’s emergency stop button and evacuated the facility. Simultaneously, the emergency response team was activated, and the on-scene commander initiated a full facility shutdown using a manual call point near the compressor building. Once the source of the loud noise was confirmed to be the HP-A compressor, with the exhaust lying on the ground, the area was cordoned off, and an investigation was launched. The compressor was manually shut down, and the ESD-1 emergency stop was activated.","During the starting of gas lift compressor (HP-A), the exhaust pipe of the engine driving the reciprocating compressor broke and fell off after several attempts to start it, subsequently activating the fire alarm.",The crew was not very familiar with the model of engine and didn't know how to react after 1 or 2 attempts to restart. The operating manual was in English not fully understood by the maintenance team.,PEOPLE (ACTS): Following Procedures: Deviation unintentional (by individual or group) PEOPLE (ACTS): Use of Protective Methods: Failure to warn of hazard PEOPLE (ACTS): Inattention/Lack of Awareness: Improper decision making or lack of judgment PROCESS (CONDITIONS): Organizational: Inadequate hazard identification or risk assessment AFRICA ONSHORE 8,"NARRATIVE: On January 19, 2025, during restart attempts of the HP-A Gas Compressor following corrective maintenance, an unusually loud noise was heard from the exhaust. Seconds later, the fire alarm was triggered, and it was observed that the exhaust structure had fallen off. Technicians in the vicinity immediately pressed the compressor’s emergency stop button and evacuated the facility. Simultaneously, the emergency response team was activated, and the on-scene commander initiated a full facility shutdown using a manual call point near the compressor building. Once the source of the loud noise was confirmed to be the HP-A compressor, with the exhaust lying on the ground, the area was cordoned off, and an investigation was launched. The compressor was manually shut down, and the ESD-1 emergency stop was activated. | WHAT WENT WRONG: During the starting of gas lift compressor (HP-A), the exhaust pipe of the engine driving the reciprocating compressor broke and fell off after several attempts to start it, subsequently activating the fire alarm. | CAUSAL FACTORS: PEOPLE (ACTS): Following Procedures: Deviation unintentional (by individual or group) PEOPLE (ACTS): Use of Protective Methods: Failure to warn of hazard PEOPLE (ACTS): Inattention/Lack of Awareness: Improper decision making or lack of judgment PROCESS (CONDITIONS): Organizational: Inadequate hazard identification or risk assessment AFRICA ONSHORE 8"
IOGP-HPE-2025-005,IOGP Safety performance indicators – 2025 data: High potential event reports,High Potential Event (HPE),1,Source document is an IOGP High Potential Event report,25 Mar 2025,Ghana,Unspecified,Dropped objects,"Office, warehouse, accommodation, catering",Line of fire,,"During a heavy rainstorm, two aluminium composite panels (component of the external cladding material for the Office building) dislodged and dropped. The two (2) panels, each weighing 9.8kgs and measuring 1.11x1.49ms, dropped from about a height of 22.35 meters. The fallen panels were found Infront of the South Wing Power room, and the affected area was promptly cordoned off to prevent further hazards. Additionally, multiple panels were observed hanging loosely, posing a potential safety risk to occupants and visitors.","1. Aluminium composite panels not airtight. - Previous investigations revealed that no consideration was given to the potential for panels falling during design and installation. Furthermore, subsequent structural integrity assessments did not clearly establish the mode of failure and effective mitigation measures to prevent recurrence. Additionally, in cases where potentially falling aluminium composite panels have been reported, remedial actions to remove and reinstall such panels are not promptly executed, despite the high potential impact of a dropped panel. 2. Corrective action process not effectively implemented. - There has been recurring near misses involving dropped Aluminium Composite Panels in 2016, 2017, 2018, and 2024. However, corrective actions, such as implementing monthly and quarterly drop inspections, have not been sustained. Furthermore, planned preventive maintenance and other assurance activities that were instituted have not been consistently followed and remain areas requiring improvement. For instance, the annual integrity assessment for 2023 and 2024 were not conducted as planned.",1. Conduct an integrity inspection and assessment of the external of the entire building to identify any areas of loose cladding and fix them immediately to prevent any potential recurrence of the incident in the short term. 2. Re-institute the conduct of the annual inspection programme of the entire exterior of the building's facade to identify any areas of loose cladding and fix them immediately to prevent any potential dropped objects.,"PEOPLE (ACTS): Following Procedures: Improper position (in the line of fire) PEOPLE (ACTS): Use of Protective Methods: Equipment or materials not secured PROCESS (CONDITIONS): Tools, Equipment, Materials and Products: Inadequate design/specification/management of change PROCESS (CONDITIONS): Tools, Equipment, Materials and Products: Inadequate maintenance/inspection/testing PROCESS (CONDITIONS): Work Place Hazards: Storms or acts of nature PROCESS (CONDITIONS): Organizational: Poor leadership/organizational culture AFRICA ONSHORE 9","NARRATIVE: During a heavy rainstorm, two aluminium composite panels (component of the external cladding material for the Office building) dislodged and dropped. The two (2) panels, each weighing 9.8kgs and measuring 1.11x1.49ms, dropped from about a height of 22.35 meters. The fallen panels were found Infront of the South Wing Power room, and the affected area was promptly cordoned off to prevent further hazards. Additionally, multiple panels were observed hanging loosely, posing a potential safety risk to occupants and visitors. | WHAT WENT WRONG: 1. Aluminium composite panels not airtight. - Previous investigations revealed that no consideration was given to the potential for panels falling during design and installation. Furthermore, subsequent structural integrity assessments did not clearly establish the mode of failure and effective mitigation measures to prevent recurrence. Additionally, in cases where potentially falling aluminium composite panels have been reported, remedial actions to remove and reinstall such panels are not promptly executed, despite the high potential impact of a dropped panel. 2. Corrective action process not effectively implemented. - There has been recurring near misses involving dropped Aluminium Composite Panels in 2016, 2017, 2018, and 2024. However, corrective actions, such as implementing monthly and quarterly drop inspections, have not been sustained. Furthermore, planned preventive maintenance and other assurance activities that were instituted have not been consistently followed and remain areas requiring improvement. For instance, the annual integrity assessment for 2023 and 2024 were not conducted as planned. | CAUSAL FACTORS: PEOPLE (ACTS): Following Procedures: Improper position (in the line of fire) PEOPLE (ACTS): Use of Protective Methods: Equipment or materials not secured PROCESS (CONDITIONS): Tools, Equipment, Materials and Products: Inadequate design/specification/management of change PROCESS (CONDITIONS): Tools, Equipment, Materials and Products: Inadequate maintenance/inspection/testing PROCESS (CONDITIONS): Work Place Hazards: Storms or acts of nature PROCESS (CONDITIONS): Organizational: Poor leadership/organizational culture AFRICA ONSHORE 9"
IOGP-HPE-2025-006,IOGP Safety performance indicators – 2025 data: High potential event reports,High Potential Event (HPE),1,Source document is an IOGP High Potential Event report,26 Jul 2025,Nigeria,Drilling,Struck by (not dropped object),"Lifting, crane, rigging, deck operations",Safe mechanical lifting,Line of fire,"At about 02:21hrs, while rig crew was picking 4” drill pipe, a single drill pipe was picked from Catwalk to the rig floor with Air winch tugger. The IP removed thread protector from the single pipe while another floorman attempted to guide the pipe into the mouse hole. The pipe missed the mouse hole, hit the rig floor and also hit the IP on his right ear and shoulder. IP was move to Clinic.","1. Lowering without signal – The air tugger operator lowered the pipe without receiving a stop/lower command, due to absence of a dedicated signaller and reliance on previous experience racking 11 stands without one. 2. Obstructed line of sight – The operator was blindsided by the position of already-racked pipes, limiting visibility of the mousehole area. 3. IP in fall zone – The injured person was inadvertently in the trajectory of the falling pipe after removing the thread protector. 4. Incoherent communication – The floormen recognized the pipe had missed the mousehole but were only able to shout warnings, which were not effectively received",1. Updating and endorsing the racking SOP. 2. Assigning a dedicated signaller for all pipe-handling operations. 3. Adjusting derrick camera positioning to restore clear line of sight. 4. Reinforcing communication protocols and hazard-zone controls.,"PEOPLE (ACTS): Following Procedures: Improper position (in the line of fire) PEOPLE (ACTS): Use of Tools, Equipment, Materials and Products: Improper use/position of tools/equipment/ materials/products PEOPLE (ACTS): Use of Protective Methods: Failure to warn of hazard PROCESS (CONDITIONS): Organizational: Inadequate communication AFRICA ONSHORE 10","NARRATIVE: At about 02:21hrs, while rig crew was picking 4” drill pipe, a single drill pipe was picked from Catwalk to the rig floor with Air winch tugger. The IP removed thread protector from the single pipe while another floorman attempted to guide the pipe into the mouse hole. The pipe missed the mouse hole, hit the rig floor and also hit the IP on his right ear and shoulder. IP was move to Clinic. | WHAT WENT WRONG: 1. Lowering without signal – The air tugger operator lowered the pipe without receiving a stop/lower command, due to absence of a dedicated signaller and reliance on previous experience racking 11 stands without one. 2. Obstructed line of sight – The operator was blindsided by the position of already-racked pipes, limiting visibility of the mousehole area. 3. IP in fall zone – The injured person was inadvertently in the trajectory of the falling pipe after removing the thread protector. 4. Incoherent communication – The floormen recognized the pipe had missed the mousehole but were only able to shout warnings, which were not effectively received | CAUSAL FACTORS: PEOPLE (ACTS): Following Procedures: Improper position (in the line of fire) PEOPLE (ACTS): Use of Tools, Equipment, Materials and Products: Improper use/position of tools/equipment/ materials/products PEOPLE (ACTS): Use of Protective Methods: Failure to warn of hazard PROCESS (CONDITIONS): Organizational: Inadequate communication AFRICA ONSHORE 10"
IOGP-HPE-2025-007,IOGP Safety performance indicators – 2025 data: High potential event reports,High Potential Event (HPE),1,Source document is an IOGP High Potential Event report,08 Oct 2025,Nigeria,Production,Struck by (not dropped object),Transport - Land,Driving,Line of fire,"At about 10:30 hours, a company-owned light vehicle in a security convoy travelling veered off the road and collided with an electric pole. The driver and accompanying customer were safely evacuated and transported to the Clinic for appropriate medical evaluation / attention.","1. Driver lost situational awareness and became mentally disengaged (“lost in thought”). 2. Faulty vehicle radio created a quiet environment with no auditory stimulation to help maintain alertness. 3. Vehicle drifted off the road, and driver reaction was delayed.","1. Effective vehicle safety systems, such as airbags, seatbelts and prompt emergence response minimizes injury severity. 2. Driver to always drive maintaining situational awareness.",PEOPLE (ACTS): Following Procedures: Improper position (in the line of fire) PEOPLE (ACTS): Inattention/Lack of Awareness: Lack of attention/distracted by other concerns/stress,"NARRATIVE: At about 10:30 hours, a company-owned light vehicle in a security convoy travelling veered off the road and collided with an electric pole. The driver and accompanying customer were safely evacuated and transported to the Clinic for appropriate medical evaluation / attention. | WHAT WENT WRONG: 1. Driver lost situational awareness and became mentally disengaged (“lost in thought”). 2. Faulty vehicle radio created a quiet environment with no auditory stimulation to help maintain alertness. 3. Vehicle drifted off the road, and driver reaction was delayed. | CAUSAL FACTORS: PEOPLE (ACTS): Following Procedures: Improper position (in the line of fire) PEOPLE (ACTS): Inattention/Lack of Awareness: Lack of attention/distracted by other concerns/stress"
IOGP-HPE-2025-008,IOGP Safety performance indicators – 2025 data: High potential event reports,High Potential Event (HPE),1,Source document is an IOGP High Potential Event report,03 Jun 2025,Nigeria,Construction,Exposure electrical,"Excavation, trenching, ground disturbance",Energy isolation,Line of fire,"On 3rd June 2025, at about 2:15pm, during a test digging on a 6"" test line right of way, the excavator bucket made contact with a buried 11KVA composite electrical cable. The incident resulted in a dent/superficial cut on the cable.","1. The excavator was used to accelerate exposure of an underground pipeline despite the presence of multiple buried utilities. 2. The as-built survey lacked sufficient detail, particularly regarding test line depth and exact routing, leading to misinterpretation of subsurface conditions. AFRICA ONSHORE 11 3. During test digging, the excavator bucket contacted a buried 11 kVA composite electrical cable, causing a dent and minor cut. 4. Excavator use in close proximity to unidentified/poorly defined underground assets introduced a line-strike hazard.","1. Mechanical excavation (excavators) must not be used near unknown or insufficiently verified buried utilities. 2. Probing results identifying multiple underground facilities must trigger manual excavation only. 3. As-built drawings must be accurate, up-to-date, and detailed, especially regarding depth and horizontal spacing. 4. When indications are unclear, stop work and escalate for engineering verification.","PEOPLE (ACTS): Following Procedures: Improper position (in the line of fire) PEOPLE (ACTS): Use of Tools, Equipment, Materials and Products: Servicing of energized equipment/inadequate energy isolation PROCESS (CONDITIONS): Organizational: Inadequate hazard identification or risk assessment PROCESS (CONDITIONS): Organizational: Inadequate communication","NARRATIVE: On 3rd June 2025, at about 2:15pm, during a test digging on a 6"" test line right of way, the excavator bucket made contact with a buried 11KVA composite electrical cable. The incident resulted in a dent/superficial cut on the cable. | WHAT WENT WRONG: 1. The excavator was used to accelerate exposure of an underground pipeline despite the presence of multiple buried utilities. 2. The as-built survey lacked sufficient detail, particularly regarding test line depth and exact routing, leading to misinterpretation of subsurface conditions. AFRICA ONSHORE 11 3. During test digging, the excavator bucket contacted a buried 11 kVA composite electrical cable, causing a dent and minor cut. 4. Excavator use in close proximity to unidentified/poorly defined underground assets introduced a line-strike hazard. | CAUSAL FACTORS: PEOPLE (ACTS): Following Procedures: Improper position (in the line of fire) PEOPLE (ACTS): Use of Tools, Equipment, Materials and Products: Servicing of energized equipment/inadequate energy isolation PROCESS (CONDITIONS): Organizational: Inadequate hazard identification or risk assessment PROCESS (CONDITIONS): Organizational: Inadequate communication"
IOGP-HPE-2025-009,IOGP Safety performance indicators – 2025 data: High potential event reports,High Potential Event (HPE),1,Source document is an IOGP High Potential Event report,17 Oct 2025,Tunisia,Production,Pressure release,"Lifting, crane, rigging, deck operations",Safe mechanical lifting,Line of fire,Release of propane from a temp. storage tank.,Forklift hit tank while unloading from flatbed truck.,"Ensure proper lifting procedures are followed, develop a topping up procedure for propane refrigerant, enhance site HSSE leadership.",PEOPLE (ACTS): Following Procedures: Improper position (in the line of fire) PEOPLE (ACTS): Following Procedures: Improper lifting or loading PROCESS (CONDITIONS): Organizational: Inadequate work standards/procedures PROCESS (CONDITIONS): Organizational: Inadequate hazard identification or risk assessment AFRICA ONSHORE 12,NARRATIVE: Release of propane from a temp. storage tank. | WHAT WENT WRONG: Forklift hit tank while unloading from flatbed truck. | CAUSAL FACTORS: PEOPLE (ACTS): Following Procedures: Improper position (in the line of fire) PEOPLE (ACTS): Following Procedures: Improper lifting or loading PROCESS (CONDITIONS): Organizational: Inadequate work standards/procedures PROCESS (CONDITIONS): Organizational: Inadequate hazard identification or risk assessment AFRICA ONSHORE 12
IOGP-HPE-2025-010,IOGP Safety performance indicators – 2025 data: High potential event reports,High Potential Event (HPE),1,Source document is an IOGP High Potential Event report,18 Feb 2025,Congo,Production,Dropped objects,Production operations,Line of fire,Work authorization,"A 9 kg metal plate detached from the conveyor railway and fell approximately 6.5–10 m onto the deck below. No personnel were struck; however, dropped-object energy indicated fatality potential. The plate was originally installed as a dropped-object prevention measure. Over time it deteriorated and was displaced due to a misaligned and stretched conveyor belt, which pushed the plate out of position. Operations on the starboard conveyor were stopped, the area below was barricaded, and a rope-access inspection of similar installations was initiated.","• Dropped-object protection plate was not adequately inspected or maintained over time. • Conveyor belt was poorly fitted/misaligned, creating continuous mechanical load on the plate. • No inspection programme identified deterioration or displacement risk.Safety-critical equipment (secondary retention / guarding) was not recognised as such and therefore not verified. • Asset integrity management and preventative maintenance were ineffective.","• Treat dropped-object prevention devices (guards, covers, retention plates) as safety-critical equipment requiring routine inspection. • Implement a formal inspection and maintenance programme for conveyors and associated guards. • Correct belt alignment and tension to prevent abnormal loads on structures. • Periodically survey elevated plant for dropped-object hazards (e.g., DROPS inspections/rope access). • Ensure barricading/red-zone control beneath overhead equipment during operations where deterioration is possible.","PEOPLE (ACTS): Following Procedures: Improper position (in the line of fire) PEOPLE (ACTS): Use of Protective Methods: Equipment or materials not secured PROCESS (CONDITIONS): Protective Systems: Inadequate/defective guards or protective barriers PROCESS (CONDITIONS): Tools, Equipment, Materials and Products: Inadequate maintenance/inspection/testing PROCESS (CONDITIONS): Organizational: Inadequate hazard identification or risk assessment 13","NARRATIVE: A 9 kg metal plate detached from the conveyor railway and fell approximately 6.5–10 m onto the deck below. No personnel were struck; however, dropped-object energy indicated fatality potential. The plate was originally installed as a dropped-object prevention measure. Over time it deteriorated and was displaced due to a misaligned and stretched conveyor belt, which pushed the plate out of position. Operations on the starboard conveyor were stopped, the area below was barricaded, and a rope-access inspection of similar installations was initiated. | WHAT WENT WRONG: • Dropped-object protection plate was not adequately inspected or maintained over time. • Conveyor belt was poorly fitted/misaligned, creating continuous mechanical load on the plate. • No inspection programme identified deterioration or displacement risk.Safety-critical equipment (secondary retention / guarding) was not recognised as such and therefore not verified. • Asset integrity management and preventative maintenance were ineffective. | CAUSAL FACTORS: PEOPLE (ACTS): Following Procedures: Improper position (in the line of fire) PEOPLE (ACTS): Use of Protective Methods: Equipment or materials not secured PROCESS (CONDITIONS): Protective Systems: Inadequate/defective guards or protective barriers PROCESS (CONDITIONS): Tools, Equipment, Materials and Products: Inadequate maintenance/inspection/testing PROCESS (CONDITIONS): Organizational: Inadequate hazard identification or risk assessment 13"
IOGP-HPE-2025-011,IOGP Safety performance indicators – 2025 data: High potential event reports,High Potential Event (HPE),1,Source document is an IOGP High Potential Event report,23 Mar 2025,Equatorial Guinea,Production,Falls from height,"Lifting, crane, rigging, deck operations",Line of fire,Safe mechanical lifting,"At approximately 06:30, lifting operations were being conducted to move spools from the main deck to the cellar/ sub-cellar deck. Because no direct lifting path existed, the crew chose to lift the load through a slickline hatch, which constituted a complex lift and was not covered by the approved PTW. The crane operator had no line of sight and was communicating by radio only. During lifting, the hook snagged the hatch plate. The rigger, who was standing on the hatch cover to guide the load, attempted to stop the lift. The plate dislodged and the rigger fell approximately 6.5 m to the deck below. The injured person was medevaced with serious injuries. The event had clear fatality potential.","• A complex lifting operation was performed under a PTW that only authorised a standard lift. • Work scope changed without risk assessment or lift planning. • Crane operator had no line of sight and communications were unreliable. • Rigger stood on the hatch cover to guide the load, placing himself in a fall hazard zone. • The lift was coordinated using voice/radio in a noisy area without clear signalling control. • Rigger’s certification had expired and supervision was inadequate. • Unsafe practice had become normalised due to prior similar lifts performed without incident.","• Complex lifts require a specific lift plan, risk assessment, and supervision. • Never route loads through hatches/openings without engineered lifting arrangements. • Maintain line of sight or use a designated trained signalman with agreed communication protocol. • Personnel must never stand on removable covers or under suspended loads. • Verify competency and certification of riggers and lifting personnel. • Stop work when lift conditions differ from the approved plan.","PEOPLE (ACTS): Following Procedures: Improper position (in the line of fire) PROCESS (CONDITIONS): Work Place Hazards: Congestion, clutter or restricted motion PROCESS (CONDITIONS): Work Place Hazards: Inadequate surfaces, floors, walkways or roads PROCESS (CONDITIONS): Organizational: Inadequate training/competence PROCESS (CONDITIONS): Organizational: Inadequate work standards/procedures PROCESS (CONDITIONS): Organizational: Inadequate hazard identification or risk assessment PROCESS (CONDITIONS): Organizational: Inadequate communication PROCESS (CONDITIONS): Organizational: Inadequate supervision 14","NARRATIVE: At approximately 06:30, lifting operations were being conducted to move spools from the main deck to the cellar/ sub-cellar deck. Because no direct lifting path existed, the crew chose to lift the load through a slickline hatch, which constituted a complex lift and was not covered by the approved PTW. The crane operator had no line of sight and was communicating by radio only. During lifting, the hook snagged the hatch plate. The rigger, who was standing on the hatch cover to guide the load, attempted to stop the lift. The plate dislodged and the rigger fell approximately 6.5 m to the deck below. The injured person was medevaced with serious injuries. The event had clear fatality potential. | WHAT WENT WRONG: • A complex lifting operation was performed under a PTW that only authorised a standard lift. • Work scope changed without risk assessment or lift planning. • Crane operator had no line of sight and communications were unreliable. • Rigger stood on the hatch cover to guide the load, placing himself in a fall hazard zone. • The lift was coordinated using voice/radio in a noisy area without clear signalling control. • Rigger’s certification had expired and supervision was inadequate. • Unsafe practice had become normalised due to prior similar lifts performed without incident. | CAUSAL FACTORS: PEOPLE (ACTS): Following Procedures: Improper position (in the line of fire) PROCESS (CONDITIONS): Work Place Hazards: Congestion, clutter or restricted motion PROCESS (CONDITIONS): Work Place Hazards: Inadequate surfaces, floors, walkways or roads PROCESS (CONDITIONS): Organizational: Inadequate training/competence PROCESS (CONDITIONS): Organizational: Inadequate work standards/procedures PROCESS (CONDITIONS): Organizational: Inadequate hazard identification or risk assessment PROCESS (CONDITIONS): Organizational: Inadequate communication PROCESS (CONDITIONS): Organizational: Inadequate supervision 14"
IOGP-HPE-2025-012,IOGP Safety performance indicators – 2025 data: High potential event reports,High Potential Event (HPE),1,Source document is an IOGP High Potential Event report,02 Dec 2025,Gabon,Production,Struck by (not dropped object),"Lifting, crane, rigging, deck operations",Line of fire,Safe mechanical lifting,"While parking the starboard (STBD) crane following routine lifting operations, the crane boom was brought down into the boom rest abruptly rather than in a controlled manner. This sudden placement generated an unexpected impact load on the crane structure, producing a loud bang that was heard in the vicinity of the crane pedestal and surrounding areas. The abrupt motion and resulting impact load may have introduced a shock event into the crane’s hydraulic or electrical systems. A process shutdown occurred minutes after this impact, and although the causal link has not yet been fully established, the timing suggests the crane event may have contributed to or triggered the shutdown.",• Crane boom impacted boom rest heavily. • Crane incorrectly lowered at the boom rest. • Lack of experience of Crane Operator.,1. Mandatory contractor equipment specific training familiarization to be performed onboard and documented with new crane operators. 2. Selection of candidates for temporary cover to be formalized with the minimum experience requirement for contractor operations 3. New crane operators to be mobilized in advance to come offshore and undergo supervision monitored by the facility crane operator for a defined supervision period. 4. Non-destructive testing to be performed at the crane's boom & cradle by 3rd party.,PEOPLE (ACTS): Following Procedures: Improper lifting or loading PROCESS (CONDITIONS): Organizational: Inadequate training/competence PROCESS (CONDITIONS): Organizational: Inadequate supervision 15,"NARRATIVE: While parking the starboard (STBD) crane following routine lifting operations, the crane boom was brought down into the boom rest abruptly rather than in a controlled manner. This sudden placement generated an unexpected impact load on the crane structure, producing a loud bang that was heard in the vicinity of the crane pedestal and surrounding areas. The abrupt motion and resulting impact load may have introduced a shock event into the crane’s hydraulic or electrical systems. A process shutdown occurred minutes after this impact, and although the causal link has not yet been fully established, the timing suggests the crane event may have contributed to or triggered the shutdown. | WHAT WENT WRONG: • Crane boom impacted boom rest heavily. • Crane incorrectly lowered at the boom rest. • Lack of experience of Crane Operator. | CAUSAL FACTORS: PEOPLE (ACTS): Following Procedures: Improper lifting or loading PROCESS (CONDITIONS): Organizational: Inadequate training/competence PROCESS (CONDITIONS): Organizational: Inadequate supervision 15"
IOGP-HPE-2025-013,IOGP Safety performance indicators – 2025 data: High potential event reports,High Potential Event (HPE),1,Source document is an IOGP High Potential Event report,18 Mar 2025,Mauritania,Production,Pressure release,"Maintenance, inspection, testing",Energy isolation,Line of fire,"Contractor carrying out repairs on the Scale Inhibitor Injection system, the system was understood to have been depressurised. As the contractor started to release an end cap, the cap was projected downwards under pressure. The cap went directly downwards into a section of plant close to a walkway. This could have had potential to impact personnel.",Failure to properly depressurise closed circuit.,Learning 1. The process for managing valve movements during a leak test in response to a leak was not robust. The leak testing procedure was not explicit about how to manage such a situation. Also no bridging document between procedure and company Control of Work procedure. Learning 2. Site team did not verify that the leak test system envelope was fully depressurised. Task fatigue and normalisation of the risk were identified resulting in the Permit Authority deciding to de-prioritise some oversight of the task. Learning 3. The potential hazard created using 6Mo tubing and 316 stainless steel fittings at tubing geometries outside of manufacturer recommendation was not understood. Knowing this may have influenced decisions around controls such as exclusion zones and proving zero energy at the point of system being worked on.,"PEOPLE (ACTS): Following Procedures: Improper position (in the line of fire) PEOPLE (ACTS): Use of Tools, Equipment, Materials and Products: Servicing of energized equipment/inadequate energy isolation PROCESS (CONDITIONS): Organizational: Inadequate work standards/procedures PROCESS (CONDITIONS): Organizational: Inadequate hazard identification or risk assessment 16","NARRATIVE: Contractor carrying out repairs on the Scale Inhibitor Injection system, the system was understood to have been depressurised. As the contractor started to release an end cap, the cap was projected downwards under pressure. The cap went directly downwards into a section of plant close to a walkway. This could have had potential to impact personnel. | WHAT WENT WRONG: Failure to properly depressurise closed circuit. | CAUSAL FACTORS: PEOPLE (ACTS): Following Procedures: Improper position (in the line of fire) PEOPLE (ACTS): Use of Tools, Equipment, Materials and Products: Servicing of energized equipment/inadequate energy isolation PROCESS (CONDITIONS): Organizational: Inadequate work standards/procedures PROCESS (CONDITIONS): Organizational: Inadequate hazard identification or risk assessment 16"
IOGP-HPE-2025-014,IOGP Safety performance indicators – 2025 data: High potential event reports,High Potential Event (HPE),1,Source document is an IOGP High Potential Event report,18 Nov 2025,Namibia,Drilling,Dropped objects,"Lifting, crane, rigging, deck operations",Safe mechanical lifting,Line of fire,"Flex Joint strikes handrail creating 2 Dropped Objects. During the removal of the Flex Joint from the Riser Feeding Machine (RFM) using the starboard crane, the aft sling of the Flex Joint became hung up on the RFM bucket. As the lift continued, the sling suddenly released, causing the Flex Joint to swing unexpectedly. The uncontrolled movement resulted in the Flex Joint striking and damaging the RFM track and the associated emergency-stop device. The Flex Joint then continued its swing path until coming to rest against the starboard-side handrail. The impact dislodged two sections of the handrail, weighing 2.4 kg and 4.6 kg, corresponding to 377 Joules and 722 Joules of potential energy respectively. Both handrail sections fell approximately 16 metres to the Riser Deck below.",Uncontrolled movement - swing.,• Accumulate incident information and ensure proper cause analysis and mitigating measures. • Set expectations for supervisor 1 to 1 conversations According to: HSE Improvement plan. • Computer-based training on lift planning. • Onshore crane and lifting discipline lead and mechanical lifting focal point to discuss systemic standardized management of lift plans on vessel. • Onshore resources to audit the effectiveness of systematic approach to management of lift plan. • Update procedures for laying out flex joint. • Ensure OEM compliant cameras for starboard crane are installed. • The material handling plan for the vessel will need to be MOC from original design - action. • Inspection and testing required on damaged RFM structure.,PEOPLE (ACTS): Following Procedures: Improper position (in the line of fire) PEOPLE (ACTS): Following Procedures: Improper lifting or loading PROCESS (CONDITIONS): Organizational: Inadequate training/competence PROCESS (CONDITIONS): Organizational: Inadequate work standards/procedures PROCESS (CONDITIONS): Organizational: Inadequate hazard identification or risk assessment 17,"NARRATIVE: Flex Joint strikes handrail creating 2 Dropped Objects. During the removal of the Flex Joint from the Riser Feeding Machine (RFM) using the starboard crane, the aft sling of the Flex Joint became hung up on the RFM bucket. As the lift continued, the sling suddenly released, causing the Flex Joint to swing unexpectedly. The uncontrolled movement resulted in the Flex Joint striking and damaging the RFM track and the associated emergency-stop device. The Flex Joint then continued its swing path until coming to rest against the starboard-side handrail. The impact dislodged two sections of the handrail, weighing 2.4 kg and 4.6 kg, corresponding to 377 Joules and 722 Joules of potential energy respectively. Both handrail sections fell approximately 16 metres to the Riser Deck below. | WHAT WENT WRONG: Uncontrolled movement - swing. | CAUSAL FACTORS: PEOPLE (ACTS): Following Procedures: Improper position (in the line of fire) PEOPLE (ACTS): Following Procedures: Improper lifting or loading PROCESS (CONDITIONS): Organizational: Inadequate training/competence PROCESS (CONDITIONS): Organizational: Inadequate work standards/procedures PROCESS (CONDITIONS): Organizational: Inadequate hazard identification or risk assessment 17"
IOGP-HPE-2025-015,IOGP Safety performance indicators – 2025 data: High potential event reports,High Potential Event (HPE),1,Source document is an IOGP High Potential Event report,03 Dec 2025,Australia,Drilling,Dropped objects,"Lifting, crane, rigging, deck operations",Safe mechanical lifting,Line of fire,Operator observed a concrete block on the tray of a flatbed truck and attempted to pick it up with the Front-end Loader tynes (pallet forks). The operator misjudged the fork tyne pockets of the pallet the concrete block was sitting on and inadvertently pushed the concrete block off the side of the flatbed truck. The concrete block weighed ~1.3 tonne and fell ~1.4m before rolling onto its side and coming to rest on the ground near a container on the opposite side of the flatbed truck.,Equipment Operator did not check-in upon arrival. There was no indication of how check-in should be completed or visible signage indicating such. The training program for heavy equipment operation does not train individuals on barricading and area security.,Incorporate the expectation of Drill Centres to ensure visible check-in signage is in place during ongoing operations so arrivals are aware of who to contact. Update the Verification checklist for Heavy Equipment Loading to incorporate the satisfactory acknowledgement and completion of Barricading Control of Work Procedure and Mobile Plant used for Load Shifting Control of Work Procedure. Each of which addresses specific barricading parameters and understanding for maintained consistency in mobile equipment operations.,"PEOPLE (ACTS): Following Procedures: Improper position (in the line of fire) PEOPLE (ACTS): Following Procedures: Improper lifting or loading PROCESS (CONDITIONS): Protective Systems: Inadequate/defective guards or protective barriers PROCESS (CONDITIONS): Tools, Equipment, Materials and Products: Inadequate design/specification/management of change PROCESS (CONDITIONS): Organizational: Inadequate training/competence PROCESS (CONDITIONS): Organizational: Inadequate supervision 18","NARRATIVE: Operator observed a concrete block on the tray of a flatbed truck and attempted to pick it up with the Front-end Loader tynes (pallet forks). The operator misjudged the fork tyne pockets of the pallet the concrete block was sitting on and inadvertently pushed the concrete block off the side of the flatbed truck. The concrete block weighed ~1.3 tonne and fell ~1.4m before rolling onto its side and coming to rest on the ground near a container on the opposite side of the flatbed truck. | WHAT WENT WRONG: Equipment Operator did not check-in upon arrival. There was no indication of how check-in should be completed or visible signage indicating such. The training program for heavy equipment operation does not train individuals on barricading and area security. | CAUSAL FACTORS: PEOPLE (ACTS): Following Procedures: Improper position (in the line of fire) PEOPLE (ACTS): Following Procedures: Improper lifting or loading PROCESS (CONDITIONS): Protective Systems: Inadequate/defective guards or protective barriers PROCESS (CONDITIONS): Tools, Equipment, Materials and Products: Inadequate design/specification/management of change PROCESS (CONDITIONS): Organizational: Inadequate training/competence PROCESS (CONDITIONS): Organizational: Inadequate supervision 18"
IOGP-HPE-2025-016,IOGP Safety performance indicators – 2025 data: High potential event reports,High Potential Event (HPE),1,Source document is an IOGP High Potential Event report,17 Apr 2025,Australia,Production,Dropped objects,"Office, warehouse, accommodation, catering",Safe mechanical lifting,Line of fire,"During pallet racking activities in the warehouse, a forklift was in the process of lifting a pallet to the third shelf. The load backrest of the forklift inadvertently contacted another pallet directly above (load approximately 240kg) stored on the fourth shelf which dislodged and fell approximately 5.6m to grade. No personnel were injured. There was one nearby person 7 meters away.","Incompatibility between the forklift (material handling equipment) in use and the racking system configuration installed. The distance between shelf three and shelf four was 1350mm. The height of the forklift backrest was 1250mm. This left 100mm between the two and when manoeuvring the load into position resulted in the load above being lifted inadvertently. The higher you lift the forklift mast, the more important adequate clearances become.","Equipment Compatibility Must Be Verified - Ensure all material handling equipment and load types are assessed for compatibility with racking systems before use or when managing change. This includes verifying dimensions and manoeuvrability. Critical Importance of Adequate Clearance - Maintain safe clearance margins between shelving levels, loads and the material handling equipment, especially when operating at height.","PEOPLE (ACTS): Following Procedures: Improper position (in the line of fire) PROCESS (CONDITIONS): Tools, Equipment, Materials and Products: Inadequate design/specification/management of change PROCESS (CONDITIONS): Work Place Hazards: Congestion, clutter or restricted motion PROCESS (CONDITIONS): Organizational: Inadequate hazard identification or risk assessment 19","NARRATIVE: During pallet racking activities in the warehouse, a forklift was in the process of lifting a pallet to the third shelf. The load backrest of the forklift inadvertently contacted another pallet directly above (load approximately 240kg) stored on the fourth shelf which dislodged and fell approximately 5.6m to grade. No personnel were injured. There was one nearby person 7 meters away. | WHAT WENT WRONG: Incompatibility between the forklift (material handling equipment) in use and the racking system configuration installed. The distance between shelf three and shelf four was 1350mm. The height of the forklift backrest was 1250mm. This left 100mm between the two and when manoeuvring the load into position resulted in the load above being lifted inadvertently. The higher you lift the forklift mast, the more important adequate clearances become. | CAUSAL FACTORS: PEOPLE (ACTS): Following Procedures: Improper position (in the line of fire) PROCESS (CONDITIONS): Tools, Equipment, Materials and Products: Inadequate design/specification/management of change PROCESS (CONDITIONS): Work Place Hazards: Congestion, clutter or restricted motion PROCESS (CONDITIONS): Organizational: Inadequate hazard identification or risk assessment 19"
IOGP-HPE-2025-017,IOGP Safety performance indicators – 2025 data: High potential event reports,High Potential Event (HPE),1,Source document is an IOGP High Potential Event report,05 Sep 2025,Australia,Production,Pressure release,"Maintenance, inspection, testing",Energy isolation,Line of fire,"IP1 observed visible bulging of a drain hose and proceeded to disconnect it. Although the associated compressor had been isolated, the hose remained connected to the main drainage manifold, which was linked to 24 compressors. The hose remained pressurized, and upon disconnection it struck the IP1 on the left hand and lower leg, and subsequently impacting IP2’s hand as they attempted to assist. As a result, IP1 and IP2 were injured.","The task continued despite incomplete isolation: only the compressor was isolated while the hose remained connected to a pressurized shared manifold, the hose’s visible bulging signalled residual pressure, and the plan was informally changed without a full risk assessment.","Recognize and respond to deviations, verify isolation across the entire system, and avoid informal adaptations - promote a disciplined “Stop and Verify” culture that empowers pausing and reassessment when conditions change.","PEOPLE (ACTS): Following Procedures: Improper position (in the line of fire) PEOPLE (ACTS): Use of Tools, Equipment, Materials and Products: Servicing of energized equipment/inadequate energy isolation PEOPLE (ACTS): Inattention/Lack of Awareness: Improper decision making or lack of judgment PROCESS (CONDITIONS): Tools, Equipment, Materials and Products: Inadequate design/specification/management of change PROCESS (CONDITIONS): Organizational: Inadequate work standards/procedures PROCESS (CONDITIONS): Organizational: Inadequate hazard identification or risk assessment","NARRATIVE: IP1 observed visible bulging of a drain hose and proceeded to disconnect it. Although the associated compressor had been isolated, the hose remained connected to the main drainage manifold, which was linked to 24 compressors. The hose remained pressurized, and upon disconnection it struck the IP1 on the left hand and lower leg, and subsequently impacting IP2’s hand as they attempted to assist. As a result, IP1 and IP2 were injured. | WHAT WENT WRONG: The task continued despite incomplete isolation: only the compressor was isolated while the hose remained connected to a pressurized shared manifold, the hose’s visible bulging signalled residual pressure, and the plan was informally changed without a full risk assessment. | CAUSAL FACTORS: PEOPLE (ACTS): Following Procedures: Improper position (in the line of fire) PEOPLE (ACTS): Use of Tools, Equipment, Materials and Products: Servicing of energized equipment/inadequate energy isolation PEOPLE (ACTS): Inattention/Lack of Awareness: Improper decision making or lack of judgment PROCESS (CONDITIONS): Tools, Equipment, Materials and Products: Inadequate design/specification/management of change PROCESS (CONDITIONS): Organizational: Inadequate work standards/procedures PROCESS (CONDITIONS): Organizational: Inadequate hazard identification or risk assessment"
IOGP-HPE-2025-018,IOGP Safety performance indicators – 2025 data: High potential event reports,High Potential Event (HPE),1,Source document is an IOGP High Potential Event report,30 Dec 2025,Australia,Unspecified,Struck by (not dropped object),"Lifting, crane, rigging, deck operations",Line of fire,Safe mechanical lifting,"Whilst departing the north berth of the supply base wharf, the contractor inspection maintenance repair vessel began moving starboard and aft whilst the forward fender was being lifted and recovered using the vessel’s crane. 20","The suspended fender was lifted in close proximity to, and potentially above, two workers positioned in an elevated work platform on the southern berth. The workers were performing works over the side in the elevated work platform as part of the wharf refurbishment project.",• Confirm stakeholders are aware of simulations operations occurring within the area. • Verify the spotter/crane operator has adequate line of sight to confirm the lift path is clear. • Maintain communication among stakeholders when multiple activities occur within the same operating area.,PEOPLE (ACTS): Following Procedures: Improper position (in the line of fire) PEOPLE (ACTS): Following Procedures: Improper lifting or loading PROCESS (CONDITIONS): Organizational: Inadequate hazard identification or risk assessment PROCESS (CONDITIONS): Organizational: Inadequate communication,"NARRATIVE: Whilst departing the north berth of the supply base wharf, the contractor inspection maintenance repair vessel began moving starboard and aft whilst the forward fender was being lifted and recovered using the vessel’s crane. 20 | WHAT WENT WRONG: The suspended fender was lifted in close proximity to, and potentially above, two workers positioned in an elevated work platform on the southern berth. The workers were performing works over the side in the elevated work platform as part of the wharf refurbishment project. | CAUSAL FACTORS: PEOPLE (ACTS): Following Procedures: Improper position (in the line of fire) PEOPLE (ACTS): Following Procedures: Improper lifting or loading PROCESS (CONDITIONS): Organizational: Inadequate hazard identification or risk assessment PROCESS (CONDITIONS): Organizational: Inadequate communication"
IOGP-HPE-2025-019,IOGP Safety performance indicators – 2025 data: High potential event reports,High Potential Event (HPE),1,Source document is an IOGP High Potential Event report,14 Jul 2025,India,Drilling,Falls from height,"Drilling, workover, well operations",Working at height,Line of fire,"A crew member stepped out of a cherry picker while connecting a hydraulic hose to the Annular BOP, lost balance, and fell onto the cellar-pit grating. Subsequent hospital evaluation confirmed a left zygomatic bone fracture.","Proper access was not planned, leading the worker to step out of the cherry picker without fall protection, bypassing a critical safety control and exposing him to an unprotected fall hazard.",Work-at-height tasks must never rely on improvised access; proper platforms and fall-protection systems must be planned and used to eliminate the temptation to step out of equipment and expose workers to unprotected fall hazards.,"PEOPLE (ACTS): Following Procedures: Deviation intentional (by individual or group) PEOPLE (ACTS): Following Procedures: Improper position (in the line of fire) PEOPLE (ACTS): Use of Protective Methods: Inadequate use of safety systems PEOPLE (ACTS): Use of Protective Methods: Disabled or removed guards, warning systems or safety devices 21","NARRATIVE: A crew member stepped out of a cherry picker while connecting a hydraulic hose to the Annular BOP, lost balance, and fell onto the cellar-pit grating. Subsequent hospital evaluation confirmed a left zygomatic bone fracture. | WHAT WENT WRONG: Proper access was not planned, leading the worker to step out of the cherry picker without fall protection, bypassing a critical safety control and exposing him to an unprotected fall hazard. | CAUSAL FACTORS: PEOPLE (ACTS): Following Procedures: Deviation intentional (by individual or group) PEOPLE (ACTS): Following Procedures: Improper position (in the line of fire) PEOPLE (ACTS): Use of Protective Methods: Inadequate use of safety systems PEOPLE (ACTS): Use of Protective Methods: Disabled or removed guards, warning systems or safety devices 21"
IOGP-HPE-2025-020,IOGP Safety performance indicators – 2025 data: High potential event reports,High Potential Event (HPE),1,Source document is an IOGP High Potential Event report,09 Apr 2025,Indonesia,Drilling,Dropped objects,"Lifting, crane, rigging, deck operations",Safe mechanical lifting,Line of fire,"2-7/8"" tubing was released from the lifting cap and hit the back of the right shoulder.",Fail to secure equipment.,Ensure the tubing and lifting cap are properly connected.,"PEOPLE (ACTS): Following Procedures: Improper position (in the line of fire) PEOPLE (ACTS): Following Procedures: Improper lifting or loading PEOPLE (ACTS): Use of Tools, Equipment, Materials and Products: Improper use/position of tools/equipment/ materials/products PEOPLE (ACTS): Use of Protective Methods: Equipment or materials not secured","NARRATIVE: 2-7/8"" tubing was released from the lifting cap and hit the back of the right shoulder. | WHAT WENT WRONG: Fail to secure equipment. | CAUSAL FACTORS: PEOPLE (ACTS): Following Procedures: Improper position (in the line of fire) PEOPLE (ACTS): Following Procedures: Improper lifting or loading PEOPLE (ACTS): Use of Tools, Equipment, Materials and Products: Improper use/position of tools/equipment/ materials/products PEOPLE (ACTS): Use of Protective Methods: Equipment or materials not secured"
IOGP-HPE-2025-021,IOGP Safety performance indicators – 2025 data: High potential event reports,High Potential Event (HPE),1,Source document is an IOGP High Potential Event report,03 May 2025,Malaysia,Production,"Explosion, fire or burns","Maintenance, inspection, testing",Hot work,Work authorization,"During hot work activities to replace process lines, the flange of a service water line was broken. This resulted in a release of water followed by a hydrocarbon/water emulsion. There was no CO/LEL detected and the material was removed by flushing with service water. Despite a very minor, intermittent liquid release (droplets) from the open line, work activities continued to cut an upstream service water line. About 10-15 minutes later, a fire ignited from the open process nozzle.","Due to inadequate process isolation, hydrocarbon liquid and vapours from one of the process vessels entered the habitat canvas where hot work was executed. This resulted in a fire on the vessel platform. 22","• Ensure positive isolation of process equipment/lines prior to conducting hot work. • Ensure adequate procedures for hot work (job method statements with sufficient level of detail; adequate decontamination procedures, adequate safe isolation procedures). • Ensure contractor alignment on high-risk activities as part of PTW process.",PROCESS (CONDITIONS): Work Place Hazards: Hazardous atmosphere (explosive/toxic/asphyxiant) PROCESS (CONDITIONS): Organizational: Inadequate work standards/procedures PROCESS (CONDITIONS): Organizational: Inadequate hazard identification or risk assessment,"NARRATIVE: During hot work activities to replace process lines, the flange of a service water line was broken. This resulted in a release of water followed by a hydrocarbon/water emulsion. There was no CO/LEL detected and the material was removed by flushing with service water. Despite a very minor, intermittent liquid release (droplets) from the open line, work activities continued to cut an upstream service water line. About 10-15 minutes later, a fire ignited from the open process nozzle. | WHAT WENT WRONG: Due to inadequate process isolation, hydrocarbon liquid and vapours from one of the process vessels entered the habitat canvas where hot work was executed. This resulted in a fire on the vessel platform. 22 | CAUSAL FACTORS: PROCESS (CONDITIONS): Work Place Hazards: Hazardous atmosphere (explosive/toxic/asphyxiant) PROCESS (CONDITIONS): Organizational: Inadequate work standards/procedures PROCESS (CONDITIONS): Organizational: Inadequate hazard identification or risk assessment"
IOGP-HPE-2025-022,IOGP Safety performance indicators – 2025 data: High potential event reports,High Potential Event (HPE),1,Source document is an IOGP High Potential Event report,24 Jul 2025,New Zealand,Construction,Dropped objects,"Lifting, crane, rigging, deck operations",Safe mechanical lifting,Line of fire,Fly jib on mobile crane fell to the floor.,Lack of training on rarely used equipment.,Practice fly jib installation in a supervised environment.,"PEOPLE (ACTS): Following Procedures: Improper position (in the line of fire) PEOPLE (ACTS): Following Procedures: Improper lifting or loading PEOPLE (ACTS): Use of Protective Methods: Disabled or removed guards, warning systems or safety devices PROCESS (CONDITIONS): Organizational: Inadequate training/competence 23","NARRATIVE: Fly jib on mobile crane fell to the floor. | WHAT WENT WRONG: Lack of training on rarely used equipment. | CAUSAL FACTORS: PEOPLE (ACTS): Following Procedures: Improper position (in the line of fire) PEOPLE (ACTS): Following Procedures: Improper lifting or loading PEOPLE (ACTS): Use of Protective Methods: Disabled or removed guards, warning systems or safety devices PROCESS (CONDITIONS): Organizational: Inadequate training/competence 23"
IOGP-HPE-2025-023,IOGP Safety performance indicators – 2025 data: High potential event reports,High Potential Event (HPE),1,Source document is an IOGP High Potential Event report,01 Mar 2025,Australia,Construction,"Caught in, under or between (excl. dropped objects)","Lifting, crane, rigging, deck operations",Safe mechanical lifting,Line of fire,"Whilst lifting a pennant on deck as part of a lifting activity (~56.2m length, static weight 16.2 mT), a tagline was in a basket arrangement around the rigging to provide stability. The tagline had a single wrap on the generator lifting frame, used as an anchor point. During the lift, the involved person who had been on deck dogging the load in a safe location, moved to a location positioned between the generator and stored deck boards. As the generator tilted, it trapped the involved person against a stack of wooden deck boards. The involved person received an injury that required Medevac to an onshore medical facility for further treatment.","The tagline became tight due to overlapping or wrapping of the tagline on the generator lifting structure so the tagline bound up on itself, causing tension on the tagline anchor point resulting in tilting of generator toward the involved person's location.","Lift risk assessments to consider all elements of the lift moving or failing, including tagline movements or failures, to help identify potential line of fire risks that could harm personnel. Lift plans must identify and verify tagline anchor points rated for the planned loads that will be transferred through the tagline. The communication method(s) for the use of the Stop Work Authority for all personnel involved in the activity, must be clearly understood and tested prior to activity commencement.",PEOPLE (ACTS): Following Procedures: Improper position (in the line of fire) PROCESS (CONDITIONS): Organizational: Inadequate work standards/procedures PROCESS (CONDITIONS): Organizational: Inadequate hazard identification or risk assessment 24,"NARRATIVE: Whilst lifting a pennant on deck as part of a lifting activity (~56.2m length, static weight 16.2 mT), a tagline was in a basket arrangement around the rigging to provide stability. The tagline had a single wrap on the generator lifting frame, used as an anchor point. During the lift, the involved person who had been on deck dogging the load in a safe location, moved to a location positioned between the generator and stored deck boards. As the generator tilted, it trapped the involved person against a stack of wooden deck boards. The involved person received an injury that required Medevac to an onshore medical facility for further treatment. | WHAT WENT WRONG: The tagline became tight due to overlapping or wrapping of the tagline on the generator lifting structure so the tagline bound up on itself, causing tension on the tagline anchor point resulting in tilting of generator toward the involved person's location. | CAUSAL FACTORS: PEOPLE (ACTS): Following Procedures: Improper position (in the line of fire) PROCESS (CONDITIONS): Organizational: Inadequate work standards/procedures PROCESS (CONDITIONS): Organizational: Inadequate hazard identification or risk assessment 24"
IOGP-HPE-2025-024,IOGP Safety performance indicators – 2025 data: High potential event reports,High Potential Event (HPE),1,Source document is an IOGP High Potential Event report,18 Jun 2025,Austria,Production,Falls from height,"Drilling, workover, well operations",Working at height,Line of fire,Employee fell into well cellar.,Loose grating led to a fall into the cellar.,"Secure grating, ensure shortcuts are prohibited, revise work instructions.","PEOPLE (ACTS): Following Procedures: Improper position (in the line of fire) PEOPLE (ACTS): Use of Tools, Equipment, Materials and Products: Improper use/position of tools/equipment/ materials/products PEOPLE (ACTS): Use of Protective Methods: Failure to warn of hazard PEOPLE (ACTS): Use of Protective Methods: Equipment or materials not secured PROCESS (CONDITIONS): Organizational: Inadequate hazard identification or risk assessment","NARRATIVE: Employee fell into well cellar. | WHAT WENT WRONG: Loose grating led to a fall into the cellar. | CAUSAL FACTORS: PEOPLE (ACTS): Following Procedures: Improper position (in the line of fire) PEOPLE (ACTS): Use of Tools, Equipment, Materials and Products: Improper use/position of tools/equipment/ materials/products PEOPLE (ACTS): Use of Protective Methods: Failure to warn of hazard PEOPLE (ACTS): Use of Protective Methods: Equipment or materials not secured PROCESS (CONDITIONS): Organizational: Inadequate hazard identification or risk assessment"
IOGP-HPE-2025-025,IOGP Safety performance indicators – 2025 data: High potential event reports,High Potential Event (HPE),1,Source document is an IOGP High Potential Event report,24 Apr 2025,Austria,Construction,Exposure electrical,"Construction, commissioning, decommissioning",Energy isolation,Line of fire,Cut through live supply line.,Employee cut into a cable with 400V ac current.,"Define clear responsibilities in the project, clearly separate the live and decommissioned cables.","PEOPLE (ACTS): Following Procedures: Improper position (in the line of fire) PEOPLE (ACTS): Use of Tools, Equipment, Materials and Products: Servicing of energized equipment/inadequate energy isolation 25 EUROPE ONSHORE PEOPLE (ACTS): Use of Protective Methods: Failure to warn of hazard PROCESS (CONDITIONS): Tools, Equipment, Materials and Products: Inadequate maintenance/inspection/testing PROCESS (CONDITIONS): Organizational: Inadequate hazard identification or risk assessment","NARRATIVE: Cut through live supply line. | WHAT WENT WRONG: Employee cut into a cable with 400V ac current. | CAUSAL FACTORS: PEOPLE (ACTS): Following Procedures: Improper position (in the line of fire) PEOPLE (ACTS): Use of Tools, Equipment, Materials and Products: Servicing of energized equipment/inadequate energy isolation 25 EUROPE ONSHORE PEOPLE (ACTS): Use of Protective Methods: Failure to warn of hazard PROCESS (CONDITIONS): Tools, Equipment, Materials and Products: Inadequate maintenance/inspection/testing PROCESS (CONDITIONS): Organizational: Inadequate hazard identification or risk assessment"
IOGP-HPE-2025-026,IOGP Safety performance indicators – 2025 data: High potential event reports,High Potential Event (HPE),1,Source document is an IOGP High Potential Event report,30 Sep 2025,Germany,Drilling,Dropped objects,"Drilling, workover, well operations",Line of fire,Bypassing safety controls,"When filling a mud tank with brine to prepare for cleaning of the tank, the transfer hose became dislodged, fell towards the ground (2.6m) and began to whip. The hose struck the pump operator’s leg, who suffered a ruptured Achilles tendon. The operator required surgery, classifying this as a Lost Work Day Case under IOGP guidelines. The incident is considered high potential, as the heavy hose coupling could have caused a fatality if it struck the head of the injured person when it fell.","The original configuration of the activity was changed by the work team to run the lay-flat ‘fire’ hose into the top of the mud tank where there was no connection point. The pump was started without the hose being properly restrained and flow was too strong for the arrangements, causing the hose to dislodge and fall towards the injured person who was operating the pump at the base of the mud tank. Before the change in the configuration of the work, the job had been considered low risk. The change in risk introduced was not realised by the work team, who did not forecast potential movement of the hose.","Immediate actions: 1. Immediately issue / communicate a site instruction (or similar) requiring securing of hoses and hose ends 2. As an instruction, or an additional step in the risk assessment for the main tank cleaning job, state a preference to use a vacuum truck for filling, and if not available, acceptable alternative arrangements. Include hose type, suitable pump sizes, hose securing to tank utilizing fixed points, protection against failure of the system (e.g. whip checks) and position of people. Preventative actions: 3. Committed to installing fixed hose connections to all tanks and chambers within the tanks to ensure hoses remain fixed and secure during pumping activities. 4. Implement dynamic risk assessment programme: Personnel will need to be trained on this simple process and when to conduct it (e.g. before each new task, a change, or a change in the mode of work or location). Such a process will provide a ‘pause’ before work, giving an opportunity to review risks and team actions, even for work that does not require a permit or formal risk assessment. 26","PEOPLE (ACTS): Following Procedures: Improper position (in the line of fire) PEOPLE (ACTS): Use of Protective Methods: Equipment or materials not secured PROCESS (CONDITIONS): Tools, Equipment, Materials and Products: Inadequate design/specification/management of change PROCESS (CONDITIONS): Tools, Equipment, Materials and Products: Inadequate/defective tools/equipment/ materials/products PROCESS (CONDITIONS): Organizational: Inadequate hazard identification or risk assessment","NARRATIVE: When filling a mud tank with brine to prepare for cleaning of the tank, the transfer hose became dislodged, fell towards the ground (2.6m) and began to whip. The hose struck the pump operator’s leg, who suffered a ruptured Achilles tendon. The operator required surgery, classifying this as a Lost Work Day Case under IOGP guidelines. The incident is considered high potential, as the heavy hose coupling could have caused a fatality if it struck the head of the injured person when it fell. | WHAT WENT WRONG: The original configuration of the activity was changed by the work team to run the lay-flat ‘fire’ hose into the top of the mud tank where there was no connection point. The pump was started without the hose being properly restrained and flow was too strong for the arrangements, causing the hose to dislodge and fall towards the injured person who was operating the pump at the base of the mud tank. Before the change in the configuration of the work, the job had been considered low risk. The change in risk introduced was not realised by the work team, who did not forecast potential movement of the hose. | CAUSAL FACTORS: PEOPLE (ACTS): Following Procedures: Improper position (in the line of fire) PEOPLE (ACTS): Use of Protective Methods: Equipment or materials not secured PROCESS (CONDITIONS): Tools, Equipment, Materials and Products: Inadequate design/specification/management of change PROCESS (CONDITIONS): Tools, Equipment, Materials and Products: Inadequate/defective tools/equipment/ materials/products PROCESS (CONDITIONS): Organizational: Inadequate hazard identification or risk assessment"
IOGP-HPE-2025-027,IOGP Safety performance indicators – 2025 data: High potential event reports,High Potential Event (HPE),1,Source document is an IOGP High Potential Event report,08 Oct 2025,Norway,Drilling,"Caught in, under or between (excl. dropped objects)","Lifting, crane, rigging, deck operations",Line of fire,Safe mechanical lifting,"On 8 October 2025 on an offshore rig, a lifting operation was underway to land an 11.8 m, 2.67 ton bottom hole assembly (BHA) into a storage basket on the riser deck. During the final positioning, the BHA made a sudden uncontrolled movement. The forward end either contacted the basket edge, rotating the load toward the injured person, or the crane made an unintended movement. The injured person was positioned in a narrow space between riser guide posts with no escape route available. He had earlier climbed onto adjacent baskets and manually guided the load several times to open covers in the inner basket. The BHA struck him in the chest and compressed him against another basket. Emergency response was immediate, and medical evacuation was carried out via search and rescue (SAR) helicopter. The investigation identified multiple human, organisational, technical, and task-related contributors including lack of hands-free lifting, trainee crane operator without supervision, congested deck layout, communication challenges, inadequate planning, and procedural non-compliance.","Hands-free lifting methods were not used despite being available, exposing personnel to the line of fire. The crane was operated by a trainee without required mentor supervision, contrary to procedure. The lift was treated as a routine task, and risk assessment did not account for congested deck layout, lack of escape routes, basket orientation requirements, or blind zones for the crane operator. The BHA was landed the wrong way due to missing communication, partly caused by language barriers. The deck was heavily congested, forcing the injured person into restricted and hazardous positions to open basket covers and guide the BHA manually. No exclusion zone was established. Several crew members were new in roles or on the rig, and norms for intervening or stopping unsafe work were inconsistent. Organisational follow-up on competence, planning quality, and supervision responsibilities was insufficient. These factors created multiple error traps and eliminated critical barriers.","Lifting operations involving heavy BHA components require detailed planning that reflects actual deck conditions, special equipment requirements, and correct use of hands-free practices. Exclusion zones and escape routes must always be established and maintained. Trainee crane operators must only operate under direct mentor supervision in accordance with formal competence requirements. Communication expectations with third-party vendors must be clear, including language-barrier mitigation. Deck layout planning between logistics and lifting operations must 27 EUROPE ONSHORE ensure safe accessibility, visibility, and controlled load movement. Stop-work authority must be reinforced culturally to empower all personnel to intervene. Competence verification prior to mobilisation and clearer integration of procedures into workflow are essential to prevent recurrence.","PEOPLE (ACTS): Following Procedures: Deviation unintentional (by individual or group) PEOPLE (ACTS): Following Procedures: Improper position (in the line of fire) PROCESS (CONDITIONS): Tools, Equipment, Materials and Products: Inadequate design/specification/management of change PROCESS (CONDITIONS): Work Place Hazards: Congestion, clutter or restricted motion PROCESS (CONDITIONS): Organizational: Inadequate training/competence PROCESS (CONDITIONS): Organizational: Inadequate work standards/procedures PROCESS (CONDITIONS): Organizational: Inadequate hazard identification or risk assessment PROCESS (CONDITIONS): Organizational: Inadequate communication","NARRATIVE: On 8 October 2025 on an offshore rig, a lifting operation was underway to land an 11.8 m, 2.67 ton bottom hole assembly (BHA) into a storage basket on the riser deck. During the final positioning, the BHA made a sudden uncontrolled movement. The forward end either contacted the basket edge, rotating the load toward the injured person, or the crane made an unintended movement. The injured person was positioned in a narrow space between riser guide posts with no escape route available. He had earlier climbed onto adjacent baskets and manually guided the load several times to open covers in the inner basket. The BHA struck him in the chest and compressed him against another basket. Emergency response was immediate, and medical evacuation was carried out via search and rescue (SAR) helicopter. The investigation identified multiple human, organisational, technical, and task-related contributors including lack of hands-free lifting, trainee crane operator without supervision, congested deck layout, communication challenges, inadequate planning, and procedural non-compliance. | WHAT WENT WRONG: Hands-free lifting methods were not used despite being available, exposing personnel to the line of fire. The crane was operated by a trainee without required mentor supervision, contrary to procedure. The lift was treated as a routine task, and risk assessment did not account for congested deck layout, lack of escape routes, basket orientation requirements, or blind zones for the crane operator. The BHA was landed the wrong way due to missing communication, partly caused by language barriers. The deck was heavily congested, forcing the injured person into restricted and hazardous positions to open basket covers and guide the BHA manually. No exclusion zone was established. Several crew members were new in roles or on the rig, and norms for intervening or stopping unsafe work were inconsistent. Organisational follow-up on competence, planning quality, and supervision responsibilities was insufficient. These factors created multiple error traps and eliminated critical barriers. | CAUSAL FACTORS: PEOPLE (ACTS): Following Procedures: Deviation unintentional (by individual or group) PEOPLE (ACTS): Following Procedures: Improper position (in the line of fire) PROCESS (CONDITIONS): Tools, Equipment, Materials and Products: Inadequate design/specification/management of change PROCESS (CONDITIONS): Work Place Hazards: Congestion, clutter or restricted motion PROCESS (CONDITIONS): Organizational: Inadequate training/competence PROCESS (CONDITIONS): Organizational: Inadequate work standards/procedures PROCESS (CONDITIONS): Organizational: Inadequate hazard identification or risk assessment PROCESS (CONDITIONS): Organizational: Inadequate communication"
IOGP-HPE-2025-028,IOGP Safety performance indicators – 2025 data: High potential event reports,High Potential Event (HPE),1,Source document is an IOGP High Potential Event report,21 Feb 2025,Norway,Construction,Dropped objects,"Construction, commissioning, decommissioning",Line of fire,Working at height,"An operator was removing a grating panel with manual handling hooks on the weather deck. During the operation, the grating unhooked from the manual handling tools and fell through the opening, hit a cable gate before landing on the underlying deck, approximately 10 meters below. The grating measures 1x1 meter and weighs 52,4 kg which gives a kinetic energy of 5149, 44 Joules. No one was injured, but under slightly changed circumstances people could have been in the line of fire as the deck was not cordoned off and there was a work team close to the area where it dropped.","The grating was not physically secured. During job preparation, the work crew had not reviewed all the required safety measures before starting the job, nor verified that they had been implemented, such as securing tools and equipment to prevent them from falling and barricading the area below the work site. No supervisor present to correct.","• When working at height, it is essential to ensure that tools and equipment are secured to prevent falling objects, in accordance with life-saving rules. • When installing grating, it must always be secured with a fixed barrier, such as a shackle or wire/sling (the two- barrier principle), as shown in the image to the right. • Grating like this should be secured to the structure above the work area. The securing equipment should be as short as practically possible. • The area below must always be sufficiently cordoned off. 28",PEOPLE (ACTS): Following Procedures: Improper position (in the line of fire) PEOPLE (ACTS): Use of Protective Methods: Equipment or materials not secured PROCESS (CONDITIONS): Protective Systems: Inadequate/defective guards or protective barriers PROCESS (CONDITIONS): Organizational: Inadequate hazard identification or risk assessment PROCESS (CONDITIONS): Organizational: Inadequate supervision,"NARRATIVE: An operator was removing a grating panel with manual handling hooks on the weather deck. During the operation, the grating unhooked from the manual handling tools and fell through the opening, hit a cable gate before landing on the underlying deck, approximately 10 meters below. The grating measures 1x1 meter and weighs 52,4 kg which gives a kinetic energy of 5149, 44 Joules. No one was injured, but under slightly changed circumstances people could have been in the line of fire as the deck was not cordoned off and there was a work team close to the area where it dropped. | WHAT WENT WRONG: The grating was not physically secured. During job preparation, the work crew had not reviewed all the required safety measures before starting the job, nor verified that they had been implemented, such as securing tools and equipment to prevent them from falling and barricading the area below the work site. No supervisor present to correct. | CAUSAL FACTORS: PEOPLE (ACTS): Following Procedures: Improper position (in the line of fire) PEOPLE (ACTS): Use of Protective Methods: Equipment or materials not secured PROCESS (CONDITIONS): Protective Systems: Inadequate/defective guards or protective barriers PROCESS (CONDITIONS): Organizational: Inadequate hazard identification or risk assessment PROCESS (CONDITIONS): Organizational: Inadequate supervision"
IOGP-HPE-2025-029,IOGP Safety performance indicators – 2025 data: High potential event reports,High Potential Event (HPE),1,Source document is an IOGP High Potential Event report,24 Apr 2025,Norway,Construction,Falls from height,"Construction, commissioning, decommissioning",Working at height,Line of fire,A worker was seriously injured when he fell from a height of 4.4 metres.,"Two of the workers in the team were working at height. One worker was retrieving formwork beams from a stack stored on the façade scaffolding surrounding the emergency generator building. The other worker was installing the formwork beams on top of the shoring system towers. The worker on the tower was standing on loose and unstable formwork beams. He was wearing a fall protection harness with a Y-line and safety hooks, which he had attached to various anchoring points at foot height. When the worker loosened both safety hooks to move, he fell from the formwork beam he was standing on. The fall protection method was unsuitable for reducing the consequences of a fall.","• Conduct an independent survey on the culture of openness among contractors and subcontractors. • Ensure that contractors and subcontractors have a safety culture where everyone understand that they can stop unsafe work. • Ensures that main contractors and subcontractors carry out work at heights in accordance with internal and external requirements and expectations. • Competence requirements for using fall protection equipment must be made easily accessible to all roles. • Follow-up and confirmation activities must be planned, executed and documented to ensure safe work at heights.",PEOPLE (ACTS): Following Procedures: Improper position (in the line of fire) PEOPLE (ACTS): Use of Protective Methods: Personal Protective Equipment not used or used improperly PROCESS (CONDITIONS): Organizational: Inadequate training/competence PROCESS (CONDITIONS): Organizational: Inadequate supervision 29,"NARRATIVE: A worker was seriously injured when he fell from a height of 4.4 metres. | WHAT WENT WRONG: Two of the workers in the team were working at height. One worker was retrieving formwork beams from a stack stored on the façade scaffolding surrounding the emergency generator building. The other worker was installing the formwork beams on top of the shoring system towers. The worker on the tower was standing on loose and unstable formwork beams. He was wearing a fall protection harness with a Y-line and safety hooks, which he had attached to various anchoring points at foot height. When the worker loosened both safety hooks to move, he fell from the formwork beam he was standing on. The fall protection method was unsuitable for reducing the consequences of a fall. | CAUSAL FACTORS: PEOPLE (ACTS): Following Procedures: Improper position (in the line of fire) PEOPLE (ACTS): Use of Protective Methods: Personal Protective Equipment not used or used improperly PROCESS (CONDITIONS): Organizational: Inadequate training/competence PROCESS (CONDITIONS): Organizational: Inadequate supervision 29"
IOGP-HPE-2025-030,IOGP Safety performance indicators – 2025 data: High potential event reports,High Potential Event (HPE),1,Source document is an IOGP High Potential Event report,31 Mar 2025,Romania,Production,Dropped objects,"Drilling, workover, well operations",Line of fire,Bypassing safety controls,Sucker rod broke consequently elevator dropped.,"Overpull due to wax caused the sucker rod to break, impact ejected the elevator out of the hook.","Optimise inhibitor, ensure max overpull is not exceeded according to the sucker rod manufacturer.","PEOPLE (ACTS): Following Procedures: Improper position (in the line of fire) PEOPLE (ACTS): Following Procedures: Improper lifting or loading PEOPLE (ACTS): Use of Tools, Equipment, Materials and Products: Improper use/position of tools/equipment/ materials/products PROCESS (CONDITIONS): Tools, Equipment, Materials and Products: Inadequate/defective tools/equipment/ materials/products PROCESS (CONDITIONS): Organizational: Inadequate hazard identification or risk assessment","NARRATIVE: Sucker rod broke consequently elevator dropped. | WHAT WENT WRONG: Overpull due to wax caused the sucker rod to break, impact ejected the elevator out of the hook. | CAUSAL FACTORS: PEOPLE (ACTS): Following Procedures: Improper position (in the line of fire) PEOPLE (ACTS): Following Procedures: Improper lifting or loading PEOPLE (ACTS): Use of Tools, Equipment, Materials and Products: Improper use/position of tools/equipment/ materials/products PROCESS (CONDITIONS): Tools, Equipment, Materials and Products: Inadequate/defective tools/equipment/ materials/products PROCESS (CONDITIONS): Organizational: Inadequate hazard identification or risk assessment"
IOGP-HPE-2025-031,IOGP Safety performance indicators – 2025 data: High potential event reports,High Potential Event (HPE),1,Source document is an IOGP High Potential Event report,08 Sep 2025,UK,Production,"Caught in, under or between (excl. dropped objects)","Lifting, crane, rigging, deck operations",Line of fire,Safe mechanical lifting,"During platform crane lifting operations to land a container on the main deck North landing, the IP sustained a crush/impact injury to shoulder/ribs. The crane and container were made safe and the individual treated by platform advanced first aider followed by coastguard medevac for further assessment.","• No verbal communication from banksman to crane operator of bridle being located in skip or not yet disconnected at time of verbal instruction ""Up on your line"". • Banksman did not give clear communications to the crane operator and no use of confirmatory communications / protocols. • No agreed set terminology or signals for free hook. 30 EUROPE ONSHORE • No information passed to crane operator that the hook was in the skip and there were issues with disconnecting it. • No crane motion instruction should have been issued by the banksman to the crane operator whilst the slinger was in the line of fire position. • Poor communications led to assumption by crane operator that the hook was free. • Banksman did not instruct Slinger to move out of Line of Fire prior to instructing Crane Op to go ""Up on your line"".","There is no such thing as a routine activity – there are only repeat activities under different conditions that each needs to be understood and risk assessed. Maintain vigilance at all times. Safety Critical verbal communications need to be clear, concise and unambiguous to minimise the risk of incorrect interpretation. In safety critical tasks where there is no visual contact between work party members, confirmatory verbal communication should be used to verify understanding of commands (e.g. blind lifts, applying inhibits). Hazards may be constantly changing in nature throughout an activity. Wherever possible, removing the hazard or work parties' exposure to the hazard should be the priority in risk assessment– in this case “line of fire”. CAUSALE FACTORS: PEOPLE (ACTS): Following Procedures: Improper position (in the line of fire) PEOPLE (ACTS): Use of Protective Methods: Failure to warn of hazard PROCESS (CONDITIONS): Organizational: Inadequate hazard identification or risk assessment PROCESS (CONDITIONS): Organizational: Inadequate communication",,"NARRATIVE: During platform crane lifting operations to land a container on the main deck North landing, the IP sustained a crush/impact injury to shoulder/ribs. The crane and container were made safe and the individual treated by platform advanced first aider followed by coastguard medevac for further assessment. | WHAT WENT WRONG: • No verbal communication from banksman to crane operator of bridle being located in skip or not yet disconnected at time of verbal instruction ""Up on your line"". • Banksman did not give clear communications to the crane operator and no use of confirmatory communications / protocols. • No agreed set terminology or signals for free hook. 30 EUROPE ONSHORE • No information passed to crane operator that the hook was in the skip and there were issues with disconnecting it. • No crane motion instruction should have been issued by the banksman to the crane operator whilst the slinger was in the line of fire position. • Poor communications led to assumption by crane operator that the hook was free. • Banksman did not instruct Slinger to move out of Line of Fire prior to instructing Crane Op to go ""Up on your line"". | CAUSAL FACTORS: "
IOGP-HPE-2025-032,IOGP Safety performance indicators – 2025 data: High potential event reports,High Potential Event (HPE),1,Source document is an IOGP High Potential Event report,11 Oct 2025,UK,Production,"Explosion, fire or burns",Production operations,Bypassing safety controls,Work authorization,Loss of Primary Containment – Methanol Release.,Inadequate mental of physical ability/ergonomic.,None issued.,No Causal Factors Allocated 31,NARRATIVE: Loss of Primary Containment – Methanol Release. | WHAT WENT WRONG: Inadequate mental of physical ability/ergonomic. | CAUSAL FACTORS: No Causal Factors Allocated 31
IOGP-HPE-2025-033,IOGP Safety performance indicators – 2025 data: High potential event reports,High Potential Event (HPE),1,Source document is an IOGP High Potential Event report,14 Oct 2025,UK,Construction,"Caught in, under or between (excl. dropped objects)","Lifting, crane, rigging, deck operations",Safe mechanical lifting,Line of fire,"Jack failed, with load moving towards personnel. No injuries however fatality as worst case potential outcome.",Failure of lifting equipment.,Use of only appropriate equipment issued for work scopes.,PEOPLE (ACTS): Following Procedures: Deviation unintentional (by individual or group) PEOPLE (ACTS): Following Procedures: Improper position (in the line of fire) PEOPLE (ACTS): Following Procedures: Improper lifting or loading PROCESS (CONDITIONS): Organizational: Inadequate hazard identification or risk assessment,"NARRATIVE: Jack failed, with load moving towards personnel. No injuries however fatality as worst case potential outcome. | WHAT WENT WRONG: Failure of lifting equipment. | CAUSAL FACTORS: PEOPLE (ACTS): Following Procedures: Deviation unintentional (by individual or group) PEOPLE (ACTS): Following Procedures: Improper position (in the line of fire) PEOPLE (ACTS): Following Procedures: Improper lifting or loading PROCESS (CONDITIONS): Organizational: Inadequate hazard identification or risk assessment"
IOGP-HPE-2025-034,IOGP Safety performance indicators – 2025 data: High potential event reports,High Potential Event (HPE),1,Source document is an IOGP High Potential Event report,23 Sep 2025,UK,Construction,Dropped objects,"Construction, commissioning, decommissioning",Working at height,Line of fire,Scaffold pole dropped to deck during handling operations. No injuries however dropped object calculator indicates fatality as worst case potential outcome.,Scaffold pole dropped to deck below during handling activities.,Handling of scaffold poles. Appropriate barriering off of areas.,PEOPLE (ACTS): Following Procedures: Deviation unintentional (by individual or group) PEOPLE (ACTS): Following Procedures: Improper position (in the line of fire) PEOPLE (ACTS): Use of Protective Methods: Equipment or materials not secured PROCESS (CONDITIONS): Organizational: Inadequate hazard identification or risk assessment 32,NARRATIVE: Scaffold pole dropped to deck during handling operations. No injuries however dropped object calculator indicates fatality as worst case potential outcome. | WHAT WENT WRONG: Scaffold pole dropped to deck below during handling activities. | CAUSAL FACTORS: PEOPLE (ACTS): Following Procedures: Deviation unintentional (by individual or group) PEOPLE (ACTS): Following Procedures: Improper position (in the line of fire) PEOPLE (ACTS): Use of Protective Methods: Equipment or materials not secured PROCESS (CONDITIONS): Organizational: Inadequate hazard identification or risk assessment 32
IOGP-HPE-2025-035,IOGP Safety performance indicators – 2025 data: High potential event reports,High Potential Event (HPE),1,Source document is an IOGP High Potential Event report,18 Oct 2025,UK,Construction,Dropped objects,"Construction, commissioning, decommissioning",Working at height,Line of fire,Scaffold pole dropped to deck during handling operations. No injuries however dropped object calculator indicates fatality as worst case potential outcome.,Scaffold pole dropped to deck below during handling activities.,Handling of scaffold poles. Appropriate barriering off of areas.,PEOPLE (ACTS): Following Procedures: Deviation unintentional (by individual or group) PEOPLE (ACTS): Following Procedures: Improper position (in the line of fire) PEOPLE (ACTS): Use of Protective Methods: Equipment or materials not secured PROCESS (CONDITIONS): Protective Systems: Inadequate/defective guards or protective barriers PROCESS (CONDITIONS): Organizational: Inadequate hazard identification or risk assessment PROCESS (CONDITIONS): Organizational: Failure to report/learn from events EUROPE ONSHORE 33,NARRATIVE: Scaffold pole dropped to deck during handling operations. No injuries however dropped object calculator indicates fatality as worst case potential outcome. | WHAT WENT WRONG: Scaffold pole dropped to deck below during handling activities. | CAUSAL FACTORS: PEOPLE (ACTS): Following Procedures: Deviation unintentional (by individual or group) PEOPLE (ACTS): Following Procedures: Improper position (in the line of fire) PEOPLE (ACTS): Use of Protective Methods: Equipment or materials not secured PROCESS (CONDITIONS): Protective Systems: Inadequate/defective guards or protective barriers PROCESS (CONDITIONS): Organizational: Inadequate hazard identification or risk assessment PROCESS (CONDITIONS): Organizational: Failure to report/learn from events EUROPE ONSHORE 33
IOGP-HPE-2025-036,IOGP Safety performance indicators – 2025 data: High potential event reports,High Potential Event (HPE),1,Source document is an IOGP High Potential Event report,05 Mar 2025,Netherlands,Production,"Caught in, under or between (excl. dropped objects)","Lifting, crane, rigging, deck operations",Safe mechanical lifting,Line of fire,"A forklift driver’s ankle was struck by a spreader bar during offloading from a truck at the logistics base. There were no lifting pockets welded onto the bar. In past lifting operations, the spreader bar had been placed on wooden blocks on the truck bed and lifted directly on the forks of a forklift. This time the wooden blocks were not in place. The truck driver and the forklift driver decided to lift the spreader bar off the truck by hooking hoisting slings attached to the spreader bar and to the forklift forks, crossing them to reduce the length of the slings. During hoisting, the spreader bar rotated and swung into the forklift cabin, hitting the driver’s ankle. The forklift cabin door had been left open to improve communication between the drivers.","1. Uncontrolled movement of the spreader bar due to hoisting the bar with slings hung from the forklift forks. 2. Forklift door left open for verbal communication. 3. Use of incorrect equipment to carry out the lift - it is forbidden to put slings directly onto the forks of a forklift, the spreader bar was not equipped with forklift pockets, a forklift hoisting adaptor was not available, a crane lift should have been utilised. 4. No lifting plan, job instructions or procedures in place, thus no management of change applied. 5. Inadequate induction and training for forklift drivers and visiting truck drivers. 6. Supervisor absent due to long-lasting illness, no official replacement. 7. High turnover of personnel at the logistics base.","1. Ensure all lifts performed with Forklift are covered by a procedure or lifting plan. 2. Specify the requirements for lifting operations in site training and induction programmes for the appropriate supply base personnel. 3. Check that the equipment needed to adapt forklifts for the expected loads is in place at site, and Operators are trained to safely use it.","PEOPLE (ACTS): Following Procedures: Improper position (in the line of fire) PEOPLE (ACTS): Following Procedures: Improper lifting or loading PEOPLE (ACTS): Use of Tools, Equipment, Materials and Products: Improper use/position of tools/equipment/ materials/products PROCESS (CONDITIONS): Tools, Equipment, Materials and Products: Inadequate design/specification/management of change PROCESS (CONDITIONS): Organizational: Inadequate training/competence EUROPE OFFSHORE 34 PROCESS (CONDITIONS): Organizational: Inadequate hazard identification or risk assessment PROCESS (CONDITIONS): Organizational: Inadequate supervision","NARRATIVE: A forklift driver’s ankle was struck by a spreader bar during offloading from a truck at the logistics base. There were no lifting pockets welded onto the bar. In past lifting operations, the spreader bar had been placed on wooden blocks on the truck bed and lifted directly on the forks of a forklift. This time the wooden blocks were not in place. The truck driver and the forklift driver decided to lift the spreader bar off the truck by hooking hoisting slings attached to the spreader bar and to the forklift forks, crossing them to reduce the length of the slings. During hoisting, the spreader bar rotated and swung into the forklift cabin, hitting the driver’s ankle. The forklift cabin door had been left open to improve communication between the drivers. | WHAT WENT WRONG: 1. Uncontrolled movement of the spreader bar due to hoisting the bar with slings hung from the forklift forks. 2. Forklift door left open for verbal communication. 3. Use of incorrect equipment to carry out the lift - it is forbidden to put slings directly onto the forks of a forklift, the spreader bar was not equipped with forklift pockets, a forklift hoisting adaptor was not available, a crane lift should have been utilised. 4. No lifting plan, job instructions or procedures in place, thus no management of change applied. 5. Inadequate induction and training for forklift drivers and visiting truck drivers. 6. Supervisor absent due to long-lasting illness, no official replacement. 7. High turnover of personnel at the logistics base. | CAUSAL FACTORS: PEOPLE (ACTS): Following Procedures: Improper position (in the line of fire) PEOPLE (ACTS): Following Procedures: Improper lifting or loading PEOPLE (ACTS): Use of Tools, Equipment, Materials and Products: Improper use/position of tools/equipment/ materials/products PROCESS (CONDITIONS): Tools, Equipment, Materials and Products: Inadequate design/specification/management of change PROCESS (CONDITIONS): Organizational: Inadequate training/competence EUROPE OFFSHORE 34 PROCESS (CONDITIONS): Organizational: Inadequate hazard identification or risk assessment PROCESS (CONDITIONS): Organizational: Inadequate supervision"
IOGP-HPE-2025-037,IOGP Safety performance indicators – 2025 data: High potential event reports,High Potential Event (HPE),1,Source document is an IOGP High Potential Event report,01 Sep 2025,Norway,Drilling,Falls from height,"Construction, commissioning, decommissioning",Working at height,Work authorization,"On an offshore drilling rig, on 1 September 2025, personnel and marine crew were installing handrails on top of a unit on the main deck. Handrail sections (60–90 kg) were lifted by deck crane to the top of the unit, where an operator worked at height to receive and install them, using fall-arrest equipment. The operator initially attached his lanyard to the stairs, then to handrail, and later to another section to reach the final corner section. To fit the last section, he had to lift and adjust some of the handrail. The locking pins were weakly retained and the chain/carabiner secondary securing arrangement did not prevent them from sliding out. The section of the handrail tilted and fell, pulling the operator with it. He fell approximately 4.3 m to deck, landing partly on the fallen handrail. The incident resulted in an LTI and a dropped object with calculated energy of 2733 J, with assessed potential for a single fatality.","The units were not designed to support safe work at height: the only structurally adequate anchoring points (lifting eyes) were located below top deck level and were occupied by lifting bridles during installation, leaving no suitable anchor points available. The operator therefore clipped his fall-arrest lanyard to a handrail section that was only temporarily secured by a pin, chain, and carabiner. The handrail securing design was inherently weak; on the short side of the container, the locking pin had only ~2 mm mechanical engagement and could easily slide out, and the chain/carabiner arrangement offered a false sense of security. The installation and commissioning procedure mentioned work at height and scaffolding, but did not clearly explain how the handrails should be installed or secured, nor the purpose or requirement for scaffold. No scaffold was erected, and the crew changed the intended installation sequence, requiring lifting and moving the section used as an anchor. Competence requirements for work at height (Norog 113) were not formalised in the competence matrix; several involved personnel lacked formal practical WAH training and were unaware of approved anchor point requirements. Project planning and follow-up from onshore were insufficient, and the contractor equipment checklist process was not effectively applied.","Work at height must never rely on temporary structures (such as partially installed handrails) as anchoring points. Units that require routine or installation work at height must be designed with suitable, certified anchor points, or work must be carried out from properly designed scaffolding or other engineered access solutions. Competence requirements for working at height (incl. practical training and anchor-point assessment) must be explicitly built into contractor competence matrices and verified before mobilisation. Installation and commissioning procedures for vendor packages must clearly describe safe installation methods, including detailed handrail installation sequences, locking mechanisms, and when scaffolding is mandatory. Work permits that bundle many high- risk activities can obscure critical controls; large scopes should be broken into smaller work procedures where necessary to ensure hazards and controls are fully understood. A robust equipment and project-follow-up process is needed, including use of the correct contractor equipment checklist and clear assignment of onshore and offshore responsibility for installation planning and oversight. EUROPE OFFSHORE 35","PEOPLE (ACTS): Following Procedures: Improper position (in the line of fire) PEOPLE (ACTS): Use of Tools, Equipment, Materials and Products: Improper use/position of tools/equipment/ materials/products PEOPLE (ACTS): Use of Protective Methods: Personal Protective Equipment not used or used improperly PROCESS (CONDITIONS): Tools, Equipment, Materials and Products: Inadequate design/specification/management of change PROCESS (CONDITIONS): Organizational: Inadequate training/competence PROCESS (CONDITIONS): Organizational: Inadequate work standards/procedures PROCESS (CONDITIONS): Organizational: Inadequate hazard identification or risk assessment","NARRATIVE: On an offshore drilling rig, on 1 September 2025, personnel and marine crew were installing handrails on top of a unit on the main deck. Handrail sections (60–90 kg) were lifted by deck crane to the top of the unit, where an operator worked at height to receive and install them, using fall-arrest equipment. The operator initially attached his lanyard to the stairs, then to handrail, and later to another section to reach the final corner section. To fit the last section, he had to lift and adjust some of the handrail. The locking pins were weakly retained and the chain/carabiner secondary securing arrangement did not prevent them from sliding out. The section of the handrail tilted and fell, pulling the operator with it. He fell approximately 4.3 m to deck, landing partly on the fallen handrail. The incident resulted in an LTI and a dropped object with calculated energy of 2733 J, with assessed potential for a single fatality. | WHAT WENT WRONG: The units were not designed to support safe work at height: the only structurally adequate anchoring points (lifting eyes) were located below top deck level and were occupied by lifting bridles during installation, leaving no suitable anchor points available. The operator therefore clipped his fall-arrest lanyard to a handrail section that was only temporarily secured by a pin, chain, and carabiner. The handrail securing design was inherently weak; on the short side of the container, the locking pin had only ~2 mm mechanical engagement and could easily slide out, and the chain/carabiner arrangement offered a false sense of security. The installation and commissioning procedure mentioned work at height and scaffolding, but did not clearly explain how the handrails should be installed or secured, nor the purpose or requirement for scaffold. No scaffold was erected, and the crew changed the intended installation sequence, requiring lifting and moving the section used as an anchor. Competence requirements for work at height (Norog 113) were not formalised in the competence matrix; several involved personnel lacked formal practical WAH training and were unaware of approved anchor point requirements. Project planning and follow-up from onshore were insufficient, and the contractor equipment checklist process was not effectively applied. | CAUSAL FACTORS: PEOPLE (ACTS): Following Procedures: Improper position (in the line of fire) PEOPLE (ACTS): Use of Tools, Equipment, Materials and Products: Improper use/position of tools/equipment/ materials/products PEOPLE (ACTS): Use of Protective Methods: Personal Protective Equipment not used or used improperly PROCESS (CONDITIONS): Tools, Equipment, Materials and Products: Inadequate design/specification/management of change PROCESS (CONDITIONS): Organizational: Inadequate training/competence PROCESS (CONDITIONS): Organizational: Inadequate work standards/procedures PROCESS (CONDITIONS): Organizational: Inadequate hazard identification or risk assessment"
IOGP-HPE-2025-038,IOGP Safety performance indicators – 2025 data: High potential event reports,High Potential Event (HPE),1,Source document is an IOGP High Potential Event report,11 Feb 2025,Norway,Production,Dropped objects,"Lifting, crane, rigging, deck operations",Safe mechanical lifting,Line of fire,"In connection with a pigging operation on an offshore installation, several pigs weighing 35 - 40 kg were lowered from a scaffold using rope, as the pig receiver was placed 5m above the turret deck. When the last pig was being lowered, the knot loosened, and the pig fell onto the turret deck and then bounced outside the barrier and down onto the tank deck. No one was injured and there was no significant material damage.","Upon retrieval of rope between pigs, the rope was jammed onto a handrail mounting and loosening the knot onto the round sling. The rope and sling assembly had not been inspected after tugging it loose from its snag point and it is believed to have loosened the knot. The need to lower the pigs from the 5m high scaffold where the pigging took place was not included in planning and risk assessments. Issues of logistics and material handling were given too little consideration, special lifting expertise has not been sufficiently involved.","• Planning/risk assessment of operation - include logistic, not just the operation itself and ensure the right competence is included • Ensure that adequate area is properly cordoned off",PEOPLE (ACTS): Following Procedures: Improper position (in the line of fire) PEOPLE (ACTS): Following Procedures: Improper lifting or loading PEOPLE (ACTS): Use of Protective Methods: Equipment or materials not secured PROCESS (CONDITIONS): Organizational: Inadequate training/competence PROCESS (CONDITIONS): Organizational: Inadequate hazard identification or risk assessment EUROPE OFFSHORE 36,"NARRATIVE: In connection with a pigging operation on an offshore installation, several pigs weighing 35 - 40 kg were lowered from a scaffold using rope, as the pig receiver was placed 5m above the turret deck. When the last pig was being lowered, the knot loosened, and the pig fell onto the turret deck and then bounced outside the barrier and down onto the tank deck. No one was injured and there was no significant material damage. | WHAT WENT WRONG: Upon retrieval of rope between pigs, the rope was jammed onto a handrail mounting and loosening the knot onto the round sling. The rope and sling assembly had not been inspected after tugging it loose from its snag point and it is believed to have loosened the knot. The need to lower the pigs from the 5m high scaffold where the pigging took place was not included in planning and risk assessments. Issues of logistics and material handling were given too little consideration, special lifting expertise has not been sufficiently involved. | CAUSAL FACTORS: PEOPLE (ACTS): Following Procedures: Improper position (in the line of fire) PEOPLE (ACTS): Following Procedures: Improper lifting or loading PEOPLE (ACTS): Use of Protective Methods: Equipment or materials not secured PROCESS (CONDITIONS): Organizational: Inadequate training/competence PROCESS (CONDITIONS): Organizational: Inadequate hazard identification or risk assessment EUROPE OFFSHORE 36"
IOGP-HPE-2025-039,IOGP Safety performance indicators – 2025 data: High potential event reports,High Potential Event (HPE),1,Source document is an IOGP High Potential Event report,02 Apr 2025,Norway,Production,Dropped objects,"Lifting, crane, rigging, deck operations",Safe mechanical lifting,Line of fire,Collision between northern crane and derrick resulting in falling objects.,"Three objects fell after the north crane collided with the derrick. The crane operator had been planning to perform lubrication of the slewing ring with the logistics discipline responsible for some time, but this was changed to the crane operator bringing along a deck operator who was being trained as a crane-operator. A helicopter was on its way to the platform, and they had about 25 minutes to finish before the helicopter arrived. It was decided that the crane operator was to perform the lubrication in the crane pedestal while the deck operator operated the crane. The crane was lifted and swung out over the sea. The crane operator reminded to ""elevate the crane-boom"" to avoid the derrick and then went down into the pedestal. The deck operator elevated the boom and swung the crane towards the platform. After a brief stop to change the lubrication cartridge, the crane was topped up a little more before it swung further towards the derrick. The deck operator believed the boom was topped up enough. The walkway and the spotlight mounted on the right side of the boom were driven into the upper corner of the wind wall high up in the derrick. At the same time, the crane was lifted somewhat and detached from the tower. The crane shook, and the deck operator observed an object fall into an area where personnel were normally present. After receiving information about what had happened over the radio, the crane operator came to the cabin, took over, and lowered the crane into the cradle. The logistics discipline responsible heard what was being said on the radio, responded, and found the spotlight in a pallet with wooden lids in the moonpool area. A section of weather protection from the derrick was found a few minutes later, and a bracket for securing electrical cables was found three days later on a walkway one level above the moonpool area.",• Use of anti-collision systems on offshore cranes. • Certified safety training for crane operators. • A forum should be established where instructors and trainees can share experiences during the training process. • The management on installations that have personnel undergoing crane operator training should be informed and make this more visible within the organization.,PEOPLE (ACTS): Following Procedures: Improper position (in the line of fire) PEOPLE (ACTS): Inattention/Lack of Awareness: Improper decision making or lack of judgment PROCESS (CONDITIONS): Protective Systems: Inadequate/defective warning systems/safety devices PROCESS (CONDITIONS): Organizational: Inadequate training/competence PROCESS (CONDITIONS): Organizational: Inadequate hazard identification or risk assessment PROCESS (CONDITIONS): Organizational: Inadequate communication PROCESS (CONDITIONS): Organizational: Inadequate supervision EUROPE OFFSHORE 37,"NARRATIVE: Collision between northern crane and derrick resulting in falling objects. | WHAT WENT WRONG: Three objects fell after the north crane collided with the derrick. The crane operator had been planning to perform lubrication of the slewing ring with the logistics discipline responsible for some time, but this was changed to the crane operator bringing along a deck operator who was being trained as a crane-operator. A helicopter was on its way to the platform, and they had about 25 minutes to finish before the helicopter arrived. It was decided that the crane operator was to perform the lubrication in the crane pedestal while the deck operator operated the crane. The crane was lifted and swung out over the sea. The crane operator reminded to ""elevate the crane-boom"" to avoid the derrick and then went down into the pedestal. The deck operator elevated the boom and swung the crane towards the platform. After a brief stop to change the lubrication cartridge, the crane was topped up a little more before it swung further towards the derrick. The deck operator believed the boom was topped up enough. The walkway and the spotlight mounted on the right side of the boom were driven into the upper corner of the wind wall high up in the derrick. At the same time, the crane was lifted somewhat and detached from the tower. The crane shook, and the deck operator observed an object fall into an area where personnel were normally present. After receiving information about what had happened over the radio, the crane operator came to the cabin, took over, and lowered the crane into the cradle. The logistics discipline responsible heard what was being said on the radio, responded, and found the spotlight in a pallet with wooden lids in the moonpool area. A section of weather protection from the derrick was found a few minutes later, and a bracket for securing electrical cables was found three days later on a walkway one level above the moonpool area. | CAUSAL FACTORS: PEOPLE (ACTS): Following Procedures: Improper position (in the line of fire) PEOPLE (ACTS): Inattention/Lack of Awareness: Improper decision making or lack of judgment PROCESS (CONDITIONS): Protective Systems: Inadequate/defective warning systems/safety devices PROCESS (CONDITIONS): Organizational: Inadequate training/competence PROCESS (CONDITIONS): Organizational: Inadequate hazard identification or risk assessment PROCESS (CONDITIONS): Organizational: Inadequate communication PROCESS (CONDITIONS): Organizational: Inadequate supervision EUROPE OFFSHORE 37"
IOGP-HPE-2025-040,IOGP Safety performance indicators – 2025 data: High potential event reports,High Potential Event (HPE),1,Source document is an IOGP High Potential Event report,29 Aug 2025,Norway,Production,"Exposure noise, chemical, biological, vibration, extreme temperature","Maintenance, inspection, testing",Bypassing safety controls,Work authorization,"Two personnel experienced symptoms of severe oxygen deficiency during inspection work, but managed to self- evacuate safely. Subsequent measurements confirmed low oxygen levels inside the enclosure, linked to nitrogen ingress from the turbine seal system combined with a lack of ventilation.","The incident was triggered by nitrogen leakage from the seal system, which under normal ventilated conditions is harmless. However, following a planned emergency shutdown (ESD) and blackstart prior to shutdown period, key barriers were unavailable: ventilation remained off, and the fire dampers which require manual reopening, stayed closed. Without airflow, oxygen was gradually displaced overnight creating a hazardous atmosphere that posed a serious risk of unconsciousness and fatality.","Assess feasibility of installing fixed oxygen monitoring in the turbine enclosure and similar areas. If not feasible, require mandatory portable gas testing before entry into locations with potential oxygen depletion risk. Review and update the blackstart procedure to ensure turbine hood ventilation and dampers are restored before the area is reclassified as safe for entry. Revise PTW requirements for entries into the turbine enclosure during or after special operational states (e.g., blackstart, shutdown, or loss of HVAC). The PTW must account for potential atmospheric changes, with mandatory portable gas measurements under such conditions.","PROCESS (CONDITIONS): Protective Systems: Inadequate/defective guards or protective barriers PROCESS (CONDITIONS): Tools, Equipment, Materials and Products: Inadequate design/specification/management of change PROCESS (CONDITIONS): Work Place Hazards: Hazardous atmosphere (explosive/toxic/asphyxiant) PROCESS (CONDITIONS): Organizational: Inadequate hazard identification or risk assessment EUROPE OFFSHORE 38","NARRATIVE: Two personnel experienced symptoms of severe oxygen deficiency during inspection work, but managed to self- evacuate safely. Subsequent measurements confirmed low oxygen levels inside the enclosure, linked to nitrogen ingress from the turbine seal system combined with a lack of ventilation. | WHAT WENT WRONG: The incident was triggered by nitrogen leakage from the seal system, which under normal ventilated conditions is harmless. However, following a planned emergency shutdown (ESD) and blackstart prior to shutdown period, key barriers were unavailable: ventilation remained off, and the fire dampers which require manual reopening, stayed closed. Without airflow, oxygen was gradually displaced overnight creating a hazardous atmosphere that posed a serious risk of unconsciousness and fatality. | CAUSAL FACTORS: PROCESS (CONDITIONS): Protective Systems: Inadequate/defective guards or protective barriers PROCESS (CONDITIONS): Tools, Equipment, Materials and Products: Inadequate design/specification/management of change PROCESS (CONDITIONS): Work Place Hazards: Hazardous atmosphere (explosive/toxic/asphyxiant) PROCESS (CONDITIONS): Organizational: Inadequate hazard identification or risk assessment EUROPE OFFSHORE 38"
IOGP-HPE-2025-041,IOGP Safety performance indicators – 2025 data: High potential event reports,High Potential Event (HPE),1,Source document is an IOGP High Potential Event report,02 Jul 2025,Norway,Construction,Dropped objects,"Lifting, crane, rigging, deck operations",Line of fire,Working at height,"During preparations for installing a 20’’ sealing ring on the platform on 2 July 2025, a technician tested the ring for fit before the lift operation. The 7.1 kg ring slipped from the technician’s hands and fell 6.35 meters to the deck below, landing approximately two meters from a mechanic who was grinding at deck level. The ring then bounced and struck the mechanic on the arm. The mechanic received a first-aid level impact with no observable injury. The event had a severe potential for fatality due to the weight and fall height. The ring had been brought into the elevated work area earlier than planned, the area was insufficiently barricaded, and the test occurred without notification to the crew below. Multiple procedural, communication and barrier-management weaknesses contributed.","The sealing ring was tested earlier than planned, without expanding the barricaded area and without informing the crew below. The ring slipped due to inadequate handling conditions (gloves, oily surface). The work area had been split into two phases, but equipment was still placed in the elevated area during phase one, creating exposure before barriers were in place. Barricading was too small, based on a common but unsafe practice of using minimal exclusion zones for “non-loose object” work at height. Communication between team members and between teams and was incomplete. The area technician approved only the intent of barricading but did not verify it physically. The team lead was cognitively overloaded and new in the role, reducing situational awareness. Stop-work authority was not used despite unease among personnel below. The net result was coexistence of workers above and below with no effective barrier against dropped objects.","All work at height must assume potential for falling objects and require full barricading unless a technical barrier (e.g., safety net) is installed. Equipment must not be brought into elevated areas before controls are in place. Area technicians must physically verify barricades before work starts. Practices that rely on personnel remembering not to bring loose items into height work are insufficient; technical and organizational barriers must supplement human behaviour. SIMOPS coordination must be strengthened, including explicit identification of all nearby work teams and discussion in morning meetings. Communication internally within teams must be improved to ensure shared situational awareness. Stop-work authority must be normalised, supported, and used proactively. Project- wide learning should be shared across platforms to eliminate similar practices elsewhere.",PEOPLE (ACTS): Following Procedures: Improper position (in the line of fire) PEOPLE (ACTS): Inattention/Lack of Awareness: Improper decision making or lack of judgment PEOPLE (ACTS): Inattention/Lack of Awareness: Lack of attention/distracted by other concerns/stress PROCESS (CONDITIONS): Organizational: Inadequate work standards/procedures PROCESS (CONDITIONS): Organizational: Inadequate hazard identification or risk assessment PROCESS (CONDITIONS): Organizational: Inadequate communication EUROPE OFFSHORE 39,"NARRATIVE: During preparations for installing a 20’’ sealing ring on the platform on 2 July 2025, a technician tested the ring for fit before the lift operation. The 7.1 kg ring slipped from the technician’s hands and fell 6.35 meters to the deck below, landing approximately two meters from a mechanic who was grinding at deck level. The ring then bounced and struck the mechanic on the arm. The mechanic received a first-aid level impact with no observable injury. The event had a severe potential for fatality due to the weight and fall height. The ring had been brought into the elevated work area earlier than planned, the area was insufficiently barricaded, and the test occurred without notification to the crew below. Multiple procedural, communication and barrier-management weaknesses contributed. | WHAT WENT WRONG: The sealing ring was tested earlier than planned, without expanding the barricaded area and without informing the crew below. The ring slipped due to inadequate handling conditions (gloves, oily surface). The work area had been split into two phases, but equipment was still placed in the elevated area during phase one, creating exposure before barriers were in place. Barricading was too small, based on a common but unsafe practice of using minimal exclusion zones for “non-loose object” work at height. Communication between team members and between teams and was incomplete. The area technician approved only the intent of barricading but did not verify it physically. The team lead was cognitively overloaded and new in the role, reducing situational awareness. Stop-work authority was not used despite unease among personnel below. The net result was coexistence of workers above and below with no effective barrier against dropped objects. | CAUSAL FACTORS: PEOPLE (ACTS): Following Procedures: Improper position (in the line of fire) PEOPLE (ACTS): Inattention/Lack of Awareness: Improper decision making or lack of judgment PEOPLE (ACTS): Inattention/Lack of Awareness: Lack of attention/distracted by other concerns/stress PROCESS (CONDITIONS): Organizational: Inadequate work standards/procedures PROCESS (CONDITIONS): Organizational: Inadequate hazard identification or risk assessment PROCESS (CONDITIONS): Organizational: Inadequate communication EUROPE OFFSHORE 39"
IOGP-HPE-2025-042,IOGP Safety performance indicators – 2025 data: High potential event reports,High Potential Event (HPE),1,Source document is an IOGP High Potential Event report,11 Jul 2025,UK,Production,Falls from height,"Transport - Water, incl. marine activity",Working at height,Line of fire,Gangway disconnect during personnel transfer.,• Equipment. • Inadequate control over maintenance.,Marine assurance standard will be updated to include an additional independent verification of gangway systems as part of the vessel assurance process.,"PEOPLE (ACTS): Following Procedures: Improper position (in the line of fire) PEOPLE (ACTS): Use of Protective Methods: Equipment or materials not secured PROCESS (CONDITIONS): Tools, Equipment, Materials and Products: Inadequate maintenance/inspection/testing PROCESS (CONDITIONS): Organizational: Inadequate hazard identification or risk assessment EUROPE OFFSHORE 40","NARRATIVE: Gangway disconnect during personnel transfer. | WHAT WENT WRONG: • Equipment. • Inadequate control over maintenance. | CAUSAL FACTORS: PEOPLE (ACTS): Following Procedures: Improper position (in the line of fire) PEOPLE (ACTS): Use of Protective Methods: Equipment or materials not secured PROCESS (CONDITIONS): Tools, Equipment, Materials and Products: Inadequate maintenance/inspection/testing PROCESS (CONDITIONS): Organizational: Inadequate hazard identification or risk assessment EUROPE OFFSHORE 40"
IOGP-HPE-2025-043,IOGP Safety performance indicators – 2025 data: High potential event reports,High Potential Event (HPE),1,Source document is an IOGP High Potential Event report,09 Sep 2025,Bahrain,Drilling,Dropped objects,"Lifting, crane, rigging, deck operations",Line of fire,Safe mechanical lifting,"During the night shift, the crew attempted to release an anchor latch tool from a permanent packer using a straight pull of 60 klbs (including 55 klbs string weight) without success. Following contractors’ procedures, the string was tensioned with 5 klbs over string weight and rotated manually, but no movement was observed. Based on contractors’ instructions, power tongs were partially used due to the absence of a power swivel on site. During the sixth right-hand turn with a 5 klbs overpull, the 2-7/8"" tubing coupling connected to the safety valve backed off and fell approximately 21 ft onto the rig floor, then a further 14 ft to the ground. At the same time, the tubing string settled approximately 6 ft into the packer. The combined weight of the coupling and safety valve was 36.5 kg.","1. Uncontrolled rotation using a power tong led to the tubing connection backing off. 2. Thread make-up integrity was not sufficient for rotation under tension. 3. Lack of appropriate equipment (power swivel) resulted in the use of a higher-risk alternative. 4. Dropped-object controls were inadequate, allowing heavy equipment to fall from height.","1. Management of Change (MoC) must be applied before deviation. Any deviation from approved procedures, tooling, or operating limits shall be formally reviewed, risk-assessed, and approved through the MBPS MoC process prior to execution. 2. Operations must stop when normal operating parameters are exceeded. When loads, methods, or equipment differ from the original plan, supervisors must stop work and reassess using approved Operator procedures and MoC requirements. 3. Contractually required equipment must be available and used as intended. Operations shall not proceed unless all contract-specified rig equipment is present, functional, and fit for purpose. Temporary or partial substitutions are not acceptable. 4. Stop Work Authority (SWA) must be actively exercised and enforced. All personnel are required to stop work when unsafe conditions exist, including dropped-object exposure, lack of secondary retention, or use of non-approved tools or methods. 5. Secondary retention is mandatory for elevated components. All elevated or moving tools and components shall be secured with secondary retention wherever practicable to prevent dropped-object incidents. 6. Roles and scopes of work must be clearly understood and respected. MIDDLE EAST ONSHORE 41 Operators and service providers shall operate strictly within their defined scopes of work, with no overreach beyond assigned responsibilities.","PEOPLE (ACTS): Following Procedures: Improper position (in the line of fire) PEOPLE (ACTS): Following Procedures: Improper lifting or loading PEOPLE (ACTS): Use of Protective Methods: Failure to warn of hazard PEOPLE (ACTS): Use of Protective Methods: Equipment or materials not secured PROCESS (CONDITIONS): Tools, Equipment, Materials and Products: Inadequate design/specification/management of change PROCESS (CONDITIONS): Organizational: Inadequate work standards/procedures PROCESS (CONDITIONS): Organizational: Inadequate hazard identification or risk assessment PROCESS (CONDITIONS): Organizational: Inadequate supervision PROCESS (CONDITIONS): Organizational: Poor leadership/organizational culture","NARRATIVE: During the night shift, the crew attempted to release an anchor latch tool from a permanent packer using a straight pull of 60 klbs (including 55 klbs string weight) without success. Following contractors’ procedures, the string was tensioned with 5 klbs over string weight and rotated manually, but no movement was observed. Based on contractors’ instructions, power tongs were partially used due to the absence of a power swivel on site. During the sixth right-hand turn with a 5 klbs overpull, the 2-7/8"" tubing coupling connected to the safety valve backed off and fell approximately 21 ft onto the rig floor, then a further 14 ft to the ground. At the same time, the tubing string settled approximately 6 ft into the packer. The combined weight of the coupling and safety valve was 36.5 kg. | WHAT WENT WRONG: 1. Uncontrolled rotation using a power tong led to the tubing connection backing off. 2. Thread make-up integrity was not sufficient for rotation under tension. 3. Lack of appropriate equipment (power swivel) resulted in the use of a higher-risk alternative. 4. Dropped-object controls were inadequate, allowing heavy equipment to fall from height. | CAUSAL FACTORS: PEOPLE (ACTS): Following Procedures: Improper position (in the line of fire) PEOPLE (ACTS): Following Procedures: Improper lifting or loading PEOPLE (ACTS): Use of Protective Methods: Failure to warn of hazard PEOPLE (ACTS): Use of Protective Methods: Equipment or materials not secured PROCESS (CONDITIONS): Tools, Equipment, Materials and Products: Inadequate design/specification/management of change PROCESS (CONDITIONS): Organizational: Inadequate work standards/procedures PROCESS (CONDITIONS): Organizational: Inadequate hazard identification or risk assessment PROCESS (CONDITIONS): Organizational: Inadequate supervision PROCESS (CONDITIONS): Organizational: Poor leadership/organizational culture"
IOGP-HPE-2025-044,IOGP Safety performance indicators – 2025 data: High potential event reports,High Potential Event (HPE),1,Source document is an IOGP High Potential Event report,09 Nov 2025,Iraq,Production,Dropped objects,Production operations,Working at height,Line of fire,"While dismantling a scaffold, a contractor accidentally dropped a scaffold board. The board struck a 0.5-inch, 32-bar pressurized tube, causing physical damage to the tube and resulting in a gas leak.",Instrumentation tube damage during scaffold dismantling.,"Implement barriers (nets, toe boards, edge protection) to prevent objects from falling",PEOPLE (ACTS): Following Procedures: Improper position (in the line of fire) PEOPLE (ACTS): Use of Protective Methods: Equipment or materials not secured PROCESS (CONDITIONS): Protective Systems: Inadequate/defective guards or protective barriers PROCESS (CONDITIONS): Organizational: Inadequate hazard identification or risk assessment MIDDLE EAST ONSHORE 42,"NARRATIVE: While dismantling a scaffold, a contractor accidentally dropped a scaffold board. The board struck a 0.5-inch, 32-bar pressurized tube, causing physical damage to the tube and resulting in a gas leak. | WHAT WENT WRONG: Instrumentation tube damage during scaffold dismantling. | CAUSAL FACTORS: PEOPLE (ACTS): Following Procedures: Improper position (in the line of fire) PEOPLE (ACTS): Use of Protective Methods: Equipment or materials not secured PROCESS (CONDITIONS): Protective Systems: Inadequate/defective guards or protective barriers PROCESS (CONDITIONS): Organizational: Inadequate hazard identification or risk assessment MIDDLE EAST ONSHORE 42"
IOGP-HPE-2025-045,IOGP Safety performance indicators – 2025 data: High potential event reports,High Potential Event (HPE),1,Source document is an IOGP High Potential Event report,04 Jun 2025,Iraq,Production,Exposure electrical,"Maintenance, inspection, testing",Work authorization,Line of fire,"During maintenance activities, an electrical arc occurred in Switch Rack 6 LV, resulting in electrical burns to two electrical technicians. The injured personnel received immediate evacuation to the clinic for initial medical attention before being transferred to the Hospital for further treatment.",Electrical burn during maintenance activities.,"Work may have proceeded without fully reviewing job steps, hazards, and mitigation controls.",PEOPLE (ACTS): Following Procedures: Improper position (in the line of fire) PROCESS (CONDITIONS): Organizational: Inadequate training/competence,"NARRATIVE: During maintenance activities, an electrical arc occurred in Switch Rack 6 LV, resulting in electrical burns to two electrical technicians. The injured personnel received immediate evacuation to the clinic for initial medical attention before being transferred to the Hospital for further treatment. | WHAT WENT WRONG: Electrical burn during maintenance activities. | CAUSAL FACTORS: PEOPLE (ACTS): Following Procedures: Improper position (in the line of fire) PROCESS (CONDITIONS): Organizational: Inadequate training/competence"
IOGP-HPE-2025-046,IOGP Safety performance indicators – 2025 data: High potential event reports,High Potential Event (HPE),1,Source document is an IOGP High Potential Event report,07 May 2025,Kurdistan Region Of Iraq,Construction,Exposure electrical,"Construction, commissioning, decommissioning",Energy isolation,Work authorization,"A contractor working in the Telecoms room at Central Control Building was found removing a light fixture from the ceiling without ensuring the power was fully isolated. The light was part of an energized circuit, switched off only at the local lighting switch. With the light removed, the exposed flex had bare copper ends, live and hanging from the ceiling. The worker, on metal steps, was at risk of electrocution if someone had entered and switched on the lights","1. Failure to check if lighting system had been isolated prior to work starting, no isolations on the Live system. 2. Lack of hazard awareness. 3. Unauthorized work conducted without approved PTW and supporting documents. MIDDLE EAST ONSHORE 43",1. Ensure that all potentially Live systems are isolated prior to starting work. 2. Have approved PTW and supporting documents for the task. 3. Improve hazard awareness.,"PEOPLE (ACTS): Following Procedures: Improper position (in the line of fire) PEOPLE (ACTS): Use of Tools, Equipment, Materials and Products: Servicing of energized equipment/inadequate energy isolation PEOPLE (ACTS): Use of Protective Methods: Inadequate use of safety systems PEOPLE (ACTS): Inattention/Lack of Awareness: Lack of attention/distracted by other concerns/stress PROCESS (CONDITIONS): Organizational: Inadequate hazard identification or risk assessment","NARRATIVE: A contractor working in the Telecoms room at Central Control Building was found removing a light fixture from the ceiling without ensuring the power was fully isolated. The light was part of an energized circuit, switched off only at the local lighting switch. With the light removed, the exposed flex had bare copper ends, live and hanging from the ceiling. The worker, on metal steps, was at risk of electrocution if someone had entered and switched on the lights | WHAT WENT WRONG: 1. Failure to check if lighting system had been isolated prior to work starting, no isolations on the Live system. 2. Lack of hazard awareness. 3. Unauthorized work conducted without approved PTW and supporting documents. MIDDLE EAST ONSHORE 43 | CAUSAL FACTORS: PEOPLE (ACTS): Following Procedures: Improper position (in the line of fire) PEOPLE (ACTS): Use of Tools, Equipment, Materials and Products: Servicing of energized equipment/inadequate energy isolation PEOPLE (ACTS): Use of Protective Methods: Inadequate use of safety systems PEOPLE (ACTS): Inattention/Lack of Awareness: Lack of attention/distracted by other concerns/stress PROCESS (CONDITIONS): Organizational: Inadequate hazard identification or risk assessment"
IOGP-HPE-2025-047,IOGP Safety performance indicators – 2025 data: High potential event reports,High Potential Event (HPE),1,Source document is an IOGP High Potential Event report,06 May 2025,Kurdistan Region Of Iraq,Construction,Falls from height,"Construction, commissioning, decommissioning",Working at height,Line of fire,"Observed that a Contractor Scaffolder working at 12m height on a Piperack without using his fall protection, standing on the hanging scaffold platform without using his double lanyards attached to a suitable anchor point and there was no handrail in place for fall prevention.","1. Scaffolder had recently joined the project and had not been assessed regarding working at height. 2. Scaffolder failed to follow stipulated controls by not using his fall protection system working 12m at height. 3. Lack of hazard awareness by the scaffolder. 4. Scaffolder co-workers failing to inform him to clip to a suitable anchor point, and make him aware of the risk taken. 5. No lifeline in place while erecting/dismantling scaffold.",1. Scaffolder to be placed at ground level until to be assessed of competency on working at height. 2. All scaffolder and labour to look out for each other to ensure all are following safe working at height and using fall protection. 3. Lifeline to be placed when erecting hanging scaffold to enable scaffolders to clip to a suitable anchor point until platform erected and handrail in place. 4. Risk awareness to be improved for Working at Height activities. MIDDLE EAST ONSHORE 44,PEOPLE (ACTS): Following Procedures: Improper position (in the line of fire) PEOPLE (ACTS): Use of Protective Methods: Failure to warn of hazard PEOPLE (ACTS): Use of Protective Methods: Inadequate use of safety systems PEOPLE (ACTS): Use of Protective Methods: Personal Protective Equipment not used or used improperly PEOPLE (ACTS): Inattention/Lack of Awareness: Lack of attention/distracted by other concerns/stress PROCESS (CONDITIONS): Organizational: Inadequate training/competence PROCESS (CONDITIONS): Organizational: Inadequate hazard identification or risk assessment,"NARRATIVE: Observed that a Contractor Scaffolder working at 12m height on a Piperack without using his fall protection, standing on the hanging scaffold platform without using his double lanyards attached to a suitable anchor point and there was no handrail in place for fall prevention. | WHAT WENT WRONG: 1. Scaffolder had recently joined the project and had not been assessed regarding working at height. 2. Scaffolder failed to follow stipulated controls by not using his fall protection system working 12m at height. 3. Lack of hazard awareness by the scaffolder. 4. Scaffolder co-workers failing to inform him to clip to a suitable anchor point, and make him aware of the risk taken. 5. No lifeline in place while erecting/dismantling scaffold. | CAUSAL FACTORS: PEOPLE (ACTS): Following Procedures: Improper position (in the line of fire) PEOPLE (ACTS): Use of Protective Methods: Failure to warn of hazard PEOPLE (ACTS): Use of Protective Methods: Inadequate use of safety systems PEOPLE (ACTS): Use of Protective Methods: Personal Protective Equipment not used or used improperly PEOPLE (ACTS): Inattention/Lack of Awareness: Lack of attention/distracted by other concerns/stress PROCESS (CONDITIONS): Organizational: Inadequate training/competence PROCESS (CONDITIONS): Organizational: Inadequate hazard identification or risk assessment"
IOGP-HPE-2025-048,IOGP Safety performance indicators – 2025 data: High potential event reports,High Potential Event (HPE),1,Source document is an IOGP High Potential Event report,07 May 2025,Kurdistan Region Of Iraq,Construction,Falls from height,"Construction, commissioning, decommissioning",Working at height,Line of fire,"A Contractor scaffolder was dismantling a scaffold by removing a 3m high scaffold standard at a height of 11.5m, without using lanyards and passing the scaffold standard to a colleague below.",1. Scaffolder failed to use his lanyards (fall protection) to a secure anchor point to prevent fall from height. 2. Scaffolder had poor hazard awareness regarding working 11.5m at height. 3. Scaffolder was new to the project and should have been paired with a scaffolder who had been on the project long term and knowing the safety controls. 4. Poor supervision by pairing two new scaffolders to dismantle a scaffold tower of 11m height.,"1. Demonstration to all scaffolders on how to store, inspection, how to wear correctly, use of the buddy system and safe use of double lanyards. 2. All scaffold team and supervision to look out for each during all working at height activity, intervene when someone not working safely at height. 3. Safety standdown to be held with all scaffold team of safety controls and use of fall protection. 4. All scaffolders to understand what the correct anchor points are to have lanyards attached to when working at height, and risks associated with working at height.",PEOPLE (ACTS): Following Procedures: Improper position (in the line of fire) PEOPLE (ACTS): Use of Protective Methods: Inadequate use of safety systems PEOPLE (ACTS): Use of Protective Methods: Personal Protective Equipment not used or used improperly PEOPLE (ACTS): Use of Protective Methods: Equipment or materials not secured PEOPLE (ACTS): Inattention/Lack of Awareness: Lack of attention/distracted by other concerns/stress PROCESS (CONDITIONS): Organizational: Inadequate training/competence PROCESS (CONDITIONS): Organizational: Inadequate hazard identification or risk assessment MIDDLE EAST ONSHORE 45,"NARRATIVE: A Contractor scaffolder was dismantling a scaffold by removing a 3m high scaffold standard at a height of 11.5m, without using lanyards and passing the scaffold standard to a colleague below. | WHAT WENT WRONG: 1. Scaffolder failed to use his lanyards (fall protection) to a secure anchor point to prevent fall from height. 2. Scaffolder had poor hazard awareness regarding working 11.5m at height. 3. Scaffolder was new to the project and should have been paired with a scaffolder who had been on the project long term and knowing the safety controls. 4. Poor supervision by pairing two new scaffolders to dismantle a scaffold tower of 11m height. | CAUSAL FACTORS: PEOPLE (ACTS): Following Procedures: Improper position (in the line of fire) PEOPLE (ACTS): Use of Protective Methods: Inadequate use of safety systems PEOPLE (ACTS): Use of Protective Methods: Personal Protective Equipment not used or used improperly PEOPLE (ACTS): Use of Protective Methods: Equipment or materials not secured PEOPLE (ACTS): Inattention/Lack of Awareness: Lack of attention/distracted by other concerns/stress PROCESS (CONDITIONS): Organizational: Inadequate training/competence PROCESS (CONDITIONS): Organizational: Inadequate hazard identification or risk assessment MIDDLE EAST ONSHORE 45"
IOGP-HPE-2025-049,IOGP Safety performance indicators – 2025 data: High potential event reports,High Potential Event (HPE),1,Source document is an IOGP High Potential Event report,05 Feb 2025,Oman,Drilling,Dropped objects,"Lifting, crane, rigging, deck operations",Safe mechanical lifting,Line of fire,"A forklift operator was pulling a service hose from the backyard to the rig location, the operator raised the boom to a higher position. During this operation, the boom came into contact with a deadline data cable positioned approximately 5 meters high on overhead line stands. As a result, the cable fell and sustained minor damage. There were no injuries or harm to personnel",1. Inadequate awareness of overhead hazards. 2. Lack of pre-tool box talk assessment. 3. Overhead cable was in low position at that area. 4. Insufficient signage or marking of the overhead cable. 5. Inadequate lighting system at the working area.,"1. Conduct thorough pre-task risk assessments. 2. Improve visibility and marking of overhead hazards. 3. Non urgent tasks in poor visibility lighting can be extended for daytime. 4. Increase the precautions of location survey if its close to overhead lines. 5. Improve the supervision, leadership and intervention",PEOPLE (ACTS): Following Procedures: Improper position (in the line of fire) PEOPLE (ACTS): Following Procedures: Improper lifting or loading PEOPLE (ACTS): Use of Protective Methods: Failure to warn of hazard PROCESS (CONDITIONS): Organizational: Inadequate hazard identification or risk assessment PROCESS (CONDITIONS): Organizational: Inadequate communication MIDDLE EAST ONSHORE 46,"NARRATIVE: A forklift operator was pulling a service hose from the backyard to the rig location, the operator raised the boom to a higher position. During this operation, the boom came into contact with a deadline data cable positioned approximately 5 meters high on overhead line stands. As a result, the cable fell and sustained minor damage. There were no injuries or harm to personnel | WHAT WENT WRONG: 1. Inadequate awareness of overhead hazards. 2. Lack of pre-tool box talk assessment. 3. Overhead cable was in low position at that area. 4. Insufficient signage or marking of the overhead cable. 5. Inadequate lighting system at the working area. | CAUSAL FACTORS: PEOPLE (ACTS): Following Procedures: Improper position (in the line of fire) PEOPLE (ACTS): Following Procedures: Improper lifting or loading PEOPLE (ACTS): Use of Protective Methods: Failure to warn of hazard PROCESS (CONDITIONS): Organizational: Inadequate hazard identification or risk assessment PROCESS (CONDITIONS): Organizational: Inadequate communication MIDDLE EAST ONSHORE 46"
IOGP-HPE-2025-050,IOGP Safety performance indicators – 2025 data: High potential event reports,High Potential Event (HPE),1,Source document is an IOGP High Potential Event report,20 Sep 2025,Oman,Drilling,Dropped objects,"Lifting, crane, rigging, deck operations",Safe mechanical lifting,Line of fire,"During space-out of the traveling block to function-test the power tong, the Driller hoisted the traveling block with the working string. When the string was about 2 meters above the rig floor, the Driller applied the brake. At that moment, the traveling block and working string suddenly moved down to the rig floor. Work string landed on the slip and travelling block stopped moving where the brake was activated.","1. Roustabout washed the draw-works with diesel and Jet cleaner without recognizing the hazards of contamination of the Draw-work system which could cause loss of brake friction and inconsistent contact with brake Rim. 2. The Driller did not supervise RA on how to clean the draw work to avoid any contamination and decided to leave him alone. 3. No SOP or work instruction available for cleaning the draw works / brake rim, leading to use of unauthorized cleaning material.","1. Update and revise JSA, SOP for cleaning in critical hoist equipment. 2. Ensure Regular competency is conducted to crew to Enhance Awareness and alertness. 3. Always maintain safe distance for space-out and retain mitigated plan for unexpected event while testing and restart after repair. 4. Ensure controlled load test, no load must be attached to hoisting system while testing the system","PEOPLE (ACTS): Following Procedures: Improper position (in the line of fire) PEOPLE (ACTS): Use of Tools, Equipment, Materials and Products: Improper use/position of tools/equipment/ materials/products PROCESS (CONDITIONS): Protective Systems: Inadequate/defective guards or protective barriers PROCESS (CONDITIONS): Organizational: Inadequate training/competence PROCESS (CONDITIONS): Organizational: Inadequate work standards/procedures PROCESS (CONDITIONS): Organizational: Inadequate hazard identification or risk assessment PROCESS (CONDITIONS): Organizational: Inadequate supervision MIDDLE EAST ONSHORE 47","NARRATIVE: During space-out of the traveling block to function-test the power tong, the Driller hoisted the traveling block with the working string. When the string was about 2 meters above the rig floor, the Driller applied the brake. At that moment, the traveling block and working string suddenly moved down to the rig floor. Work string landed on the slip and travelling block stopped moving where the brake was activated. | WHAT WENT WRONG: 1. Roustabout washed the draw-works with diesel and Jet cleaner without recognizing the hazards of contamination of the Draw-work system which could cause loss of brake friction and inconsistent contact with brake Rim. 2. The Driller did not supervise RA on how to clean the draw work to avoid any contamination and decided to leave him alone. 3. No SOP or work instruction available for cleaning the draw works / brake rim, leading to use of unauthorized cleaning material. | CAUSAL FACTORS: PEOPLE (ACTS): Following Procedures: Improper position (in the line of fire) PEOPLE (ACTS): Use of Tools, Equipment, Materials and Products: Improper use/position of tools/equipment/ materials/products PROCESS (CONDITIONS): Protective Systems: Inadequate/defective guards or protective barriers PROCESS (CONDITIONS): Organizational: Inadequate training/competence PROCESS (CONDITIONS): Organizational: Inadequate work standards/procedures PROCESS (CONDITIONS): Organizational: Inadequate hazard identification or risk assessment PROCESS (CONDITIONS): Organizational: Inadequate supervision MIDDLE EAST ONSHORE 47"
IOGP-HPE-2025-051,IOGP Safety performance indicators – 2025 data: High potential event reports,High Potential Event (HPE),1,Source document is an IOGP High Potential Event report,08 Apr 2025,Qatar,Production,Pressure release,"Maintenance, inspection, testing",Energy isolation,Line of fire,"A contractor mechanical field service representative and mechanical team had disconnected the export gas compressor gas turbine’s primary and secondary flexible fuel gas hoses. After disconnecting the hoses, the contractor field service representative was on the back side of the gas turbine while the mechanical technicians were on the front side. While lying beneath the gas turbine to check the water wash drain tube under the gas turbine, pressure was released, causing the loose hoses to swing.","One of the loose hoses struck the helmet of the mechanical field service representative, resulting in physical damage to the helmet.","• Trapped pressure must always be safely discharged before disconnecting components, even when the system appears isolated - especially in high-pressure gas systems. • Contractor activities must be fully integrated into company isolation procedures, including proper documentation in Process Isolation Certificates, to avoid oversight of critical steps. • Safe Work Method Statements (SWMS) must include detailed, step-by-step instructions, particularly for non- routine tasks, to ensure consistent understanding and execution. • Non-routine activities require Task Risk Assessments (TRA) regardless of pressure levels or perceived risk, as they often involve unexpected hazards. • System manipulations (e.g., Programmable Logic Controller forcing) must not occur without coordination and approval from the Area Authority, and only after confirming all personnel are in safe positions.","PEOPLE (ACTS): Following Procedures: Improper position (in the line of fire) PEOPLE (ACTS): Use of Tools, Equipment, Materials and Products: Servicing of energized equipment/inadequate energy isolation PEOPLE (ACTS): Use of Protective Methods: Equipment or materials not secured PEOPLE (ACTS): Inattention/Lack of Awareness: Improper decision making or lack of judgment PROCESS (CONDITIONS): Organizational: Inadequate work standards/procedures MIDDLE EAST ONSHORE 48","NARRATIVE: A contractor mechanical field service representative and mechanical team had disconnected the export gas compressor gas turbine’s primary and secondary flexible fuel gas hoses. After disconnecting the hoses, the contractor field service representative was on the back side of the gas turbine while the mechanical technicians were on the front side. While lying beneath the gas turbine to check the water wash drain tube under the gas turbine, pressure was released, causing the loose hoses to swing. | WHAT WENT WRONG: One of the loose hoses struck the helmet of the mechanical field service representative, resulting in physical damage to the helmet. | CAUSAL FACTORS: PEOPLE (ACTS): Following Procedures: Improper position (in the line of fire) PEOPLE (ACTS): Use of Tools, Equipment, Materials and Products: Servicing of energized equipment/inadequate energy isolation PEOPLE (ACTS): Use of Protective Methods: Equipment or materials not secured PEOPLE (ACTS): Inattention/Lack of Awareness: Improper decision making or lack of judgment PROCESS (CONDITIONS): Organizational: Inadequate work standards/procedures MIDDLE EAST ONSHORE 48"
IOGP-HPE-2025-052,IOGP Safety performance indicators – 2025 data: High potential event reports,High Potential Event (HPE),1,Source document is an IOGP High Potential Event report,22 Nov 2025,Qatar,Production,Struck by (not dropped object),Production operations,Driving,Line of fire,Company pickup truck collided with a concrete barrier at a diversion point.,"The pick-up deflected into the opposite lane and debris from the barrier struck a company bus, shattering the left- side window. Following the accident, the Involved Person (IP) was taken for a medical assessment to check for any internal injuries. The assessment confirmed that the IP sustained no injuries.",• Drive carefully and maintain situational awareness. • Manage fatigue before driving. • Exercise extra caution on roads with temporary diversions. • Avoid overtaking or speeding near large vehicles. • Overtake only from designated lanes.,PEOPLE (ACTS): Following Procedures: Improper position (in the line of fire) PEOPLE (ACTS): Following Procedures: Work or motion at improper speed PEOPLE (ACTS): Use of Protective Methods: Failure to warn of hazard PEOPLE (ACTS): Inattention/Lack of Awareness: Improper decision making or lack of judgment PEOPLE (ACTS): Inattention/Lack of Awareness: Lack of attention/distracted by other concerns/stress PEOPLE (ACTS): Inattention/Lack of Awareness: Fatigue MIDDLE EAST ONSHORE 49,"NARRATIVE: Company pickup truck collided with a concrete barrier at a diversion point. | WHAT WENT WRONG: The pick-up deflected into the opposite lane and debris from the barrier struck a company bus, shattering the left- side window. Following the accident, the Involved Person (IP) was taken for a medical assessment to check for any internal injuries. The assessment confirmed that the IP sustained no injuries. | CAUSAL FACTORS: PEOPLE (ACTS): Following Procedures: Improper position (in the line of fire) PEOPLE (ACTS): Following Procedures: Work or motion at improper speed PEOPLE (ACTS): Use of Protective Methods: Failure to warn of hazard PEOPLE (ACTS): Inattention/Lack of Awareness: Improper decision making or lack of judgment PEOPLE (ACTS): Inattention/Lack of Awareness: Lack of attention/distracted by other concerns/stress PEOPLE (ACTS): Inattention/Lack of Awareness: Fatigue MIDDLE EAST ONSHORE 49"
IOGP-HPE-2025-053,IOGP Safety performance indicators – 2025 data: High potential event reports,High Potential Event (HPE),1,Source document is an IOGP High Potential Event report,22 Mar 2025,Qatar,Construction,Dropped objects,"Construction, commissioning, decommissioning",Working at height,Line of fire,A steel structure crew was modifying a permanent grating platform handrail when a crowbar (weight approximately 0.72kg) fell from the platform (height 20 metres) and landed on the ground below in an unbarricaded area. No person injury occurred or was reported.,• The crowbar was not secured with a tool lanyard. • The task Supervisor failed to identify the tool was not secured with a tool lanyard. • Inadequate guard/barriers: Failure to provide an exclusion zone at ground level for dropped / falling objects,"• Always ensure materials, tools, equipment and other loose objects are firmly secured when working at height. • Conduct a focused inspection to verify the use of tool lanyards at elevated work locations. • Always maintain hard barricades with adequate exclusion zones when working at height/elevated areas. • The Supervisor must remain vigilant and intervene to prevent shortcuts.","PEOPLE (ACTS): Following Procedures: Improper position (in the line of fire) PEOPLE (ACTS): Use of Protective Methods: Failure to warn of hazard PEOPLE (ACTS): Use of Protective Methods: Equipment or materials not secured PROCESS (CONDITIONS): Protective Systems: Inadequate/defective guards or protective barriers PROCESS (CONDITIONS): Tools, Equipment, Materials and Products: Inadequate/defective tools/equipment/ materials/products PROCESS (CONDITIONS): Organizational: Inadequate hazard identification or risk assessment MIDDLE EAST ONSHORE 50","NARRATIVE: A steel structure crew was modifying a permanent grating platform handrail when a crowbar (weight approximately 0.72kg) fell from the platform (height 20 metres) and landed on the ground below in an unbarricaded area. No person injury occurred or was reported. | WHAT WENT WRONG: • The crowbar was not secured with a tool lanyard. • The task Supervisor failed to identify the tool was not secured with a tool lanyard. • Inadequate guard/barriers: Failure to provide an exclusion zone at ground level for dropped / falling objects | CAUSAL FACTORS: PEOPLE (ACTS): Following Procedures: Improper position (in the line of fire) PEOPLE (ACTS): Use of Protective Methods: Failure to warn of hazard PEOPLE (ACTS): Use of Protective Methods: Equipment or materials not secured PROCESS (CONDITIONS): Protective Systems: Inadequate/defective guards or protective barriers PROCESS (CONDITIONS): Tools, Equipment, Materials and Products: Inadequate/defective tools/equipment/ materials/products PROCESS (CONDITIONS): Organizational: Inadequate hazard identification or risk assessment MIDDLE EAST ONSHORE 50"
IOGP-HPE-2025-054,IOGP Safety performance indicators – 2025 data: High potential event reports,High Potential Event (HPE),1,Source document is an IOGP High Potential Event report,24 Mar 2025,Qatar,Construction,Dropped objects,"Construction, commissioning, decommissioning",Line of fire,Bypassing safety controls,"A gate door (two sections) of the Blasting Shop toppled over due to strong winds (approximately 16m/s). Each door section measures 7.5m x 4m and weighs approx. 425kg. They landed on the ground and came to rest on a pipe stand, resulting in damage to the cladding and frame. The incident occurred next to a pedestrian walkway, but no personnel were in the vicinity at the time. No personal Injury was reported","• The door gates had opening and closing issues due to the wheel design, requiring a forklift to lift them slightly during use. • The gate did not match the design drawings as it had an insufficient number of hinges compared to the original design. • The necessary actions were not taken to address the inspection findings, including damaged hinges and inadequate lubrication.","• Follow approved design drawings and specifications to maintain integrity and ensure safety of gates. • Ensure that a quality inspection for weld hinges is conducted on all gates. • Ensure that regular inspection and maintenance, including lubrication, are conducted for all gates. • The operational manual for gates shall be provided and included into the Job Safety Analysis (JSA). • All gates to be operated within the design limits by trained personnel to prevent damage of gates/hinges. • Ensure that gates to blasting and painting bays are open during heavy winds to allow for unobstructed airflow. • During windy conditions, all movable objects/equipment/tools should be properly secured/stored","PEOPLE (ACTS): Following Procedures: Improper position (in the line of fire) PEOPLE (ACTS): Use of Protective Methods: Equipment or materials not secured PROCESS (CONDITIONS): Tools, Equipment, Materials and Products: Inadequate design/specification/management of change PROCESS (CONDITIONS): Tools, Equipment, Materials and Products: Inadequate maintenance/inspection/testing PROCESS (CONDITIONS): Work Place Hazards: Storms or acts of nature PROCESS (CONDITIONS): Organizational: Inadequate training/competence PROCESS (CONDITIONS): Organizational: Inadequate work standards/procedures PROCESS (CONDITIONS): Organizational: Inadequate hazard identification or risk assessment PROCESS (CONDITIONS): Organizational: Failure to report/learn from events MIDDLE EAST ONSHORE 51","NARRATIVE: A gate door (two sections) of the Blasting Shop toppled over due to strong winds (approximately 16m/s). Each door section measures 7.5m x 4m and weighs approx. 425kg. They landed on the ground and came to rest on a pipe stand, resulting in damage to the cladding and frame. The incident occurred next to a pedestrian walkway, but no personnel were in the vicinity at the time. No personal Injury was reported | WHAT WENT WRONG: • The door gates had opening and closing issues due to the wheel design, requiring a forklift to lift them slightly during use. • The gate did not match the design drawings as it had an insufficient number of hinges compared to the original design. • The necessary actions were not taken to address the inspection findings, including damaged hinges and inadequate lubrication. | CAUSAL FACTORS: PEOPLE (ACTS): Following Procedures: Improper position (in the line of fire) PEOPLE (ACTS): Use of Protective Methods: Equipment or materials not secured PROCESS (CONDITIONS): Tools, Equipment, Materials and Products: Inadequate design/specification/management of change PROCESS (CONDITIONS): Tools, Equipment, Materials and Products: Inadequate maintenance/inspection/testing PROCESS (CONDITIONS): Work Place Hazards: Storms or acts of nature PROCESS (CONDITIONS): Organizational: Inadequate training/competence PROCESS (CONDITIONS): Organizational: Inadequate work standards/procedures PROCESS (CONDITIONS): Organizational: Inadequate hazard identification or risk assessment PROCESS (CONDITIONS): Organizational: Failure to report/learn from events MIDDLE EAST ONSHORE 51"
IOGP-HPE-2025-055,IOGP Safety performance indicators – 2025 data: High potential event reports,High Potential Event (HPE),1,Source document is an IOGP High Potential Event report,19 Mar 2025,Qatar,Construction,Dropped objects,Transport - Land,Bypassing safety controls,Line of fire,"A trailer driver was transporting six concrete barriers (3.5t each) on a flatbed trailer. The barriers were stacked in two rows (three in each row), with one cargo lashing belt securing two concrete barriers each. While the trailer was travelling on the bumpy road, the driver noticed that one of the lashing belts securing the rear concrete barriers had broken, causing the load to shift slightly towards the edge of the trailer. He pulled over to address the situation. Fortunately, no injuries or damage occurred.",• The concrete barriers were loaded onto the truck without appropriate measures in place - no dunnage was used and there was inadequate load restraint. • The driver used improvised lashing belts without proper inspection. One of these improvised belts broke during transportation on the bumpy road. • The driver did not recognise the risk of using defective and improvised lashing belts.,"• Always ensure all loads are properly loaded and restrained in accordance with appropriate lashing protocols to prevent them from shifting during transportation. • Always use additional support systems like rubber mats and/or dunnage to increase the clamp down effect (friction between the load and the trailer surface) to prevent the load from shifting. • Always ensure loading crews and driver clearly understand the importance of the pre-trip Inspection – lashing belts and tools must be thoroughly inspected for wear, damage, and suitability before departure. Early detection of weakened or compromised equipment can prevent incidents. • Always ensure corrective actions are implemented at the earliest opportunity to prevent recurrence of similar incidents/accidents – there was a similar incident three months earlier.","PEOPLE (ACTS): Following Procedures: Improper position (in the line of fire) PEOPLE (ACTS): Use of Protective Methods: Equipment or materials not secured PROCESS (CONDITIONS): Tools, Equipment, Materials and Products: Inadequate/defective tools/equipment/ materials/products PROCESS (CONDITIONS): Tools, Equipment, Materials and Products: Inadequate maintenance/inspection/testing PROCESS (CONDITIONS): Work Place Hazards: Inadequate surfaces, floors, walkways or roads PROCESS (CONDITIONS): Organizational: Inadequate hazard identification or risk assessment MIDDLE EAST ONSHORE 52","NARRATIVE: A trailer driver was transporting six concrete barriers (3.5t each) on a flatbed trailer. The barriers were stacked in two rows (three in each row), with one cargo lashing belt securing two concrete barriers each. While the trailer was travelling on the bumpy road, the driver noticed that one of the lashing belts securing the rear concrete barriers had broken, causing the load to shift slightly towards the edge of the trailer. He pulled over to address the situation. Fortunately, no injuries or damage occurred. | WHAT WENT WRONG: • The concrete barriers were loaded onto the truck without appropriate measures in place - no dunnage was used and there was inadequate load restraint. • The driver used improvised lashing belts without proper inspection. One of these improvised belts broke during transportation on the bumpy road. • The driver did not recognise the risk of using defective and improvised lashing belts. | CAUSAL FACTORS: PEOPLE (ACTS): Following Procedures: Improper position (in the line of fire) PEOPLE (ACTS): Use of Protective Methods: Equipment or materials not secured PROCESS (CONDITIONS): Tools, Equipment, Materials and Products: Inadequate/defective tools/equipment/ materials/products PROCESS (CONDITIONS): Tools, Equipment, Materials and Products: Inadequate maintenance/inspection/testing PROCESS (CONDITIONS): Work Place Hazards: Inadequate surfaces, floors, walkways or roads PROCESS (CONDITIONS): Organizational: Inadequate hazard identification or risk assessment MIDDLE EAST ONSHORE 52"
IOGP-HPE-2025-056,IOGP Safety performance indicators – 2025 data: High potential event reports,High Potential Event (HPE),1,Source document is an IOGP High Potential Event report,07 Sep 2025,Qatar,Construction,Exposure electrical,"Construction, commissioning, decommissioning",Energy isolation,Line of fire,"During welding activities, the fire watch for the naked flame activity received an electrical shock when attempting to shift an electrical welding rod oven.","The fire watch, henceforth referred to as the injured person (IP), collapsed after receiving the shock, and the Emergency Response Team was called. The IP was transferred to Hospital for further evaluation. At the hospital, the IP’s vital signs were checked again, and an electrocardiogram (ECG) was performed. All results were normal and the IP was discharged without needing additional medical treatment.",• Ensure proper electrical grounding. • Verify electrical protection systems before work. • Define roles and responsibilities clearly. • Include electrical hazards in Task Risk Assessments (TRA).,"PEOPLE (ACTS): Following Procedures: Improper position (in the line of fire) PEOPLE (ACTS): Use of Tools, Equipment, Materials and Products: Improper use/position of tools/equipment/ materials/products PEOPLE (ACTS): Use of Protective Methods: Failure to warn of hazard PEOPLE (ACTS): Use of Protective Methods: Inadequate use of safety systems PEOPLE (ACTS): Use of Protective Methods: Disabled or removed guards, warning systems or safety devices PEOPLE (ACTS): Inattention/Lack of Awareness: Improper decision making or lack of judgment PROCESS (CONDITIONS): Organizational: Inadequate hazard identification or risk assessment MIDDLE EAST ONSHORE 53","NARRATIVE: During welding activities, the fire watch for the naked flame activity received an electrical shock when attempting to shift an electrical welding rod oven. | WHAT WENT WRONG: The fire watch, henceforth referred to as the injured person (IP), collapsed after receiving the shock, and the Emergency Response Team was called. The IP was transferred to Hospital for further evaluation. At the hospital, the IP’s vital signs were checked again, and an electrocardiogram (ECG) was performed. All results were normal and the IP was discharged without needing additional medical treatment. | CAUSAL FACTORS: PEOPLE (ACTS): Following Procedures: Improper position (in the line of fire) PEOPLE (ACTS): Use of Tools, Equipment, Materials and Products: Improper use/position of tools/equipment/ materials/products PEOPLE (ACTS): Use of Protective Methods: Failure to warn of hazard PEOPLE (ACTS): Use of Protective Methods: Inadequate use of safety systems PEOPLE (ACTS): Use of Protective Methods: Disabled or removed guards, warning systems or safety devices PEOPLE (ACTS): Inattention/Lack of Awareness: Improper decision making or lack of judgment PROCESS (CONDITIONS): Organizational: Inadequate hazard identification or risk assessment MIDDLE EAST ONSHORE 53"
IOGP-HPE-2025-057,IOGP Safety performance indicators – 2025 data: High potential event reports,High Potential Event (HPE),1,Source document is an IOGP High Potential Event report,01 Jun 2025,Qatar,Construction,Pressure release,"Lifting, crane, rigging, deck operations",Line of fire,Bypassing safety controls,"A telehandler operator was moving a 714kg pipe spool when he observed a trailer blocking his access. The operator pulled the telehandler over to the side waiting for the trailer to move away. When the trailer moved, the operator started to reverse the telehandler. After reversing approximately 2 metres, the front right tyre of the telehandler failed and exploded. The release of pressure ejected the tyre 7 metres away from the telehandler. The primary locking rim (weight 19.3kg) and the secondary locking rim (weight 2.3kg) were ejected from the split rim, causing the primary locking rim to land 50 metres away and the secondary locking rim to land 70 metres away. No injuries were reported. The Flagman and Rigger were positioned behind the telehandler approximately 5 metres away.","• Incorrect installation and assembly of tyre/wheel rim. • During manoeuvring, the load could have potentially shifted to the right side of the forks due to incorrect securing of the pipe spool. • Over-pressure within the tyre (pinch resulting in the failure of the tyre innertube). • The daily telehandler checklist does not include tyre condition or tyre pressure. Three tyres were found to be new, and one tyre was damaged.",• Equipment operators should be provided with tyre pressure gauges to ensure adequate tyre pressure. • Improvement of daily checklists with option of multiple languages and requirement of checking tyre pressures. • On-the-Job Training (OJT) on tyre pressures/condition and the use of gauges to be provided to all equipment operators. • OJT training video to be prepared to demonstrate the correct installation method of tyre and rims. To be shown to all Plant Maintenance & Vehicle (PMV) team members who are assigned the task of changing tyres. • All subcontractors PMV groups to identify and physically check all vehicles and equipment on the project that are fitted with split rim wheels. Any vehicle that is identified as having incorrectly fitted spilt rims or misaligned parts should be taken out of service until rectified.,"PEOPLE (ACTS): Following Procedures: Improper position (in the line of fire) PEOPLE (ACTS): Following Procedures: Improper lifting or loading PEOPLE (ACTS): Use of Protective Methods: Equipment or materials not secured PROCESS (CONDITIONS): Tools, Equipment, Materials and Products: Inadequate/defective tools/equipment/ materials/products PROCESS (CONDITIONS): Tools, Equipment, Materials and Products: Inadequate maintenance/inspection/testing PROCESS (CONDITIONS): Organizational: Inadequate training/competence PROCESS (CONDITIONS): Organizational: Inadequate hazard identification or risk assessment MIDDLE EAST ONSHORE 54","NARRATIVE: A telehandler operator was moving a 714kg pipe spool when he observed a trailer blocking his access. The operator pulled the telehandler over to the side waiting for the trailer to move away. When the trailer moved, the operator started to reverse the telehandler. After reversing approximately 2 metres, the front right tyre of the telehandler failed and exploded. The release of pressure ejected the tyre 7 metres away from the telehandler. The primary locking rim (weight 19.3kg) and the secondary locking rim (weight 2.3kg) were ejected from the split rim, causing the primary locking rim to land 50 metres away and the secondary locking rim to land 70 metres away. No injuries were reported. The Flagman and Rigger were positioned behind the telehandler approximately 5 metres away. | WHAT WENT WRONG: • Incorrect installation and assembly of tyre/wheel rim. • During manoeuvring, the load could have potentially shifted to the right side of the forks due to incorrect securing of the pipe spool. • Over-pressure within the tyre (pinch resulting in the failure of the tyre innertube). • The daily telehandler checklist does not include tyre condition or tyre pressure. Three tyres were found to be new, and one tyre was damaged. | CAUSAL FACTORS: PEOPLE (ACTS): Following Procedures: Improper position (in the line of fire) PEOPLE (ACTS): Following Procedures: Improper lifting or loading PEOPLE (ACTS): Use of Protective Methods: Equipment or materials not secured PROCESS (CONDITIONS): Tools, Equipment, Materials and Products: Inadequate/defective tools/equipment/ materials/products PROCESS (CONDITIONS): Tools, Equipment, Materials and Products: Inadequate maintenance/inspection/testing PROCESS (CONDITIONS): Organizational: Inadequate training/competence PROCESS (CONDITIONS): Organizational: Inadequate hazard identification or risk assessment MIDDLE EAST ONSHORE 54"
IOGP-HPE-2025-058,IOGP Safety performance indicators – 2025 data: High potential event reports,High Potential Event (HPE),1,Source document is an IOGP High Potential Event report,11 Jan 2025,Qatar,Construction,Struck by (not dropped object),"Lifting, crane, rigging, deck operations",Safe mechanical lifting,Line of fire,"An 800-ton crawler crane and a 280-ton crawler crane had concluded lifting operations and were idle. A civil crew requested the 800-ton crane operator to reposition the hook so they could avoid working under it. While slewing, the boom tip section of the 800-ton crawler crane contacted the wire rope of the stationary 280-ton crawler crane. The crane was operating within a barricaded area. No visible damage was found on both crawler cranes, and there were no injuries","• The 800-ton crane operator slewed the crane without the presence of the rigging crew or Signalman. • The 800-ton crane operator failed to identify the obstruction on the slewing path (the 280-ton crane boom positioned over the pipe rack). • Failure to develop and implement a formal process or procedure to manage simultaneous crane operations. • Lack of communication - the 280-ton crane was mobilised with its luffing boom extended approximately 6 metres over the pipe rack into the 800-ton crane’s work area, without coordination.","• Always maintain proper coordination with nearby lifting groups when operating cranes near other activities. • Never slew or reposition a crane without a Signalman’s assistance. • Implement a formal Simultaneous Operations (SIMOPS) procedure to safely manage multi-crane operations. • Conduct a pre-lift LMRA to identify potential obstructions in the crane's path. • Ensure clear and effective communication between crane operators, rigging crews, and other involved teams.",PEOPLE (ACTS): Following Procedures: Improper position (in the line of fire) PEOPLE (ACTS): Use of Protective Methods: Failure to warn of hazard PROCESS (CONDITIONS): Organizational: Inadequate work standards/procedures PROCESS (CONDITIONS): Organizational: Inadequate hazard identification or risk assessment PROCESS (CONDITIONS): Organizational: Inadequate communication MIDDLE EAST ONSHORE 55,"NARRATIVE: An 800-ton crawler crane and a 280-ton crawler crane had concluded lifting operations and were idle. A civil crew requested the 800-ton crane operator to reposition the hook so they could avoid working under it. While slewing, the boom tip section of the 800-ton crawler crane contacted the wire rope of the stationary 280-ton crawler crane. The crane was operating within a barricaded area. No visible damage was found on both crawler cranes, and there were no injuries | WHAT WENT WRONG: • The 800-ton crane operator slewed the crane without the presence of the rigging crew or Signalman. • The 800-ton crane operator failed to identify the obstruction on the slewing path (the 280-ton crane boom positioned over the pipe rack). • Failure to develop and implement a formal process or procedure to manage simultaneous crane operations. • Lack of communication - the 280-ton crane was mobilised with its luffing boom extended approximately 6 metres over the pipe rack into the 800-ton crane’s work area, without coordination. | CAUSAL FACTORS: PEOPLE (ACTS): Following Procedures: Improper position (in the line of fire) PEOPLE (ACTS): Use of Protective Methods: Failure to warn of hazard PROCESS (CONDITIONS): Organizational: Inadequate work standards/procedures PROCESS (CONDITIONS): Organizational: Inadequate hazard identification or risk assessment PROCESS (CONDITIONS): Organizational: Inadequate communication MIDDLE EAST ONSHORE 55"
IOGP-HPE-2025-059,IOGP Safety performance indicators – 2025 data: High potential event reports,High Potential Event (HPE),1,Source document is an IOGP High Potential Event report,15 Jul 2025,UAE,Drilling,Dropped objects,"Drilling, workover, well operations",Work authorization,Line of fire,"While a Wellhead Engineer was installing a side outlet valve at the wellhead deck, a Floor Man was preparing downhole guides on the upper deck level, but one down hole guide clamp, weighing 7 kg, slipped and dropped through open hatch and hit the right middle side of the hard hat above the brim and landed in the grating, causing the IP to fall on to the grating resulting in bruises to his right forehead and injury to his right knee.","• Inadequate identification of job hazard: The hazards of open hatch, simultaneous operation, drop hazards and its control measures are not captured in the Job Safety Analysis. • Inadequate communication between work groups: Toolbox meeting was not conducted between the service company and the Drilling rig crew who are working in the same area. • Improper handling of materials: The guide and clamps stored close to the open hatch, not considering or protecting against the danger of falling objects. • Inadequate enforcement of PTW: Permit to work was not approved before the start of the work, revalidation of permit was not followed when job performer changed.","• Review Job Safety Analysis / Risk assessment to include all steps, hazards and controls, with focus on the hazards of simultaneous works, drop objects and line of fire and revise accordingly. • Ensure proper communication is carried out between work groups and with each work team by coordinating with different disciplines prior to start. • Supervisors to ensure that openings are protected with barricades and toe boards to prevent falling objects. Also, to conduct walk around to identify loose objects and avoid work near openings. • Ensure that rig crew are conducting campaigns on “Working at heights & dropped objects” elaborating on risk assessment and situational awareness by carrying out weekly site inspections/ verification. • Conduct Ad-hoc PTW inspection/ verification walk through spotlighting PTW compliance and hazards of simultaneous works.","PEOPLE (ACTS): Following Procedures: Improper position (in the line of fire) PEOPLE (ACTS): Use of Tools, Equipment, Materials and Products: Improper use/position of tools/equipment/ materials/products PEOPLE (ACTS): Use of Protective Methods: Equipment or materials not secured PEOPLE (ACTS): Inattention/Lack of Awareness: Improper decision making or lack of judgment PROCESS (CONDITIONS): Protective Systems: Inadequate/defective guards or protective barriers PROCESS (CONDITIONS): Organizational: Inadequate hazard identification or risk assessment MIDDLE EAST ONSHORE 56","NARRATIVE: While a Wellhead Engineer was installing a side outlet valve at the wellhead deck, a Floor Man was preparing downhole guides on the upper deck level, but one down hole guide clamp, weighing 7 kg, slipped and dropped through open hatch and hit the right middle side of the hard hat above the brim and landed in the grating, causing the IP to fall on to the grating resulting in bruises to his right forehead and injury to his right knee. | WHAT WENT WRONG: • Inadequate identification of job hazard: The hazards of open hatch, simultaneous operation, drop hazards and its control measures are not captured in the Job Safety Analysis. • Inadequate communication between work groups: Toolbox meeting was not conducted between the service company and the Drilling rig crew who are working in the same area. • Improper handling of materials: The guide and clamps stored close to the open hatch, not considering or protecting against the danger of falling objects. • Inadequate enforcement of PTW: Permit to work was not approved before the start of the work, revalidation of permit was not followed when job performer changed. | CAUSAL FACTORS: PEOPLE (ACTS): Following Procedures: Improper position (in the line of fire) PEOPLE (ACTS): Use of Tools, Equipment, Materials and Products: Improper use/position of tools/equipment/ materials/products PEOPLE (ACTS): Use of Protective Methods: Equipment or materials not secured PEOPLE (ACTS): Inattention/Lack of Awareness: Improper decision making or lack of judgment PROCESS (CONDITIONS): Protective Systems: Inadequate/defective guards or protective barriers PROCESS (CONDITIONS): Organizational: Inadequate hazard identification or risk assessment MIDDLE EAST ONSHORE 56"
IOGP-HPE-2025-060,IOGP Safety performance indicators – 2025 data: High potential event reports,High Potential Event (HPE),1,Source document is an IOGP High Potential Event report,21 Dec 2025,UAE,Production,Exposure electrical,"Excavation, trenching, ground disturbance",Line of fire,Work authorization,Power cable damage during excavation.,"The incident resulted from inadequate excavation planning, including missing cable markers, an overly shallow trial pit that failed to expose the deeper 11 kV cable, the absence of cable detection tools, and the use of mechanical excavation where manual digging was required. These issues were compounded by missing underground service drawings and a Permit to Work issued without proper site inspection.","• Always use cable detection tools (e.g., cable locators) before starting any excavation work. • Always review the appropriate area drawings prior to beginning excavation activities. • Excavation certificates must only be approved after verifying all cable routes. • The issuing authority must conduct a detailed site inspection before approving a Permit to Work. • Define and enforce minimum trial pit depth requirements based on cable burial standards to ensure accurate detection prior to excavation.",PEOPLE (ACTS): Following Procedures: Deviation intentional (by individual or group) PEOPLE (ACTS): Following Procedures: Improper position (in the line of fire) PEOPLE (ACTS): Use of Protective Methods: Failure to warn of hazard PEOPLE (ACTS): Inattention/Lack of Awareness: Improper decision making or lack of judgment PROCESS (CONDITIONS): Protective Systems: Inadequate/defective guards or protective barriers PROCESS (CONDITIONS): Organizational: Inadequate hazard identification or risk assessment MIDDLE EAST ONSHORE 57,"NARRATIVE: Power cable damage during excavation. | WHAT WENT WRONG: The incident resulted from inadequate excavation planning, including missing cable markers, an overly shallow trial pit that failed to expose the deeper 11 kV cable, the absence of cable detection tools, and the use of mechanical excavation where manual digging was required. These issues were compounded by missing underground service drawings and a Permit to Work issued without proper site inspection. | CAUSAL FACTORS: PEOPLE (ACTS): Following Procedures: Deviation intentional (by individual or group) PEOPLE (ACTS): Following Procedures: Improper position (in the line of fire) PEOPLE (ACTS): Use of Protective Methods: Failure to warn of hazard PEOPLE (ACTS): Inattention/Lack of Awareness: Improper decision making or lack of judgment PROCESS (CONDITIONS): Protective Systems: Inadequate/defective guards or protective barriers PROCESS (CONDITIONS): Organizational: Inadequate hazard identification or risk assessment MIDDLE EAST ONSHORE 57"
IOGP-HPE-2025-061,IOGP Safety performance indicators – 2025 data: High potential event reports,High Potential Event (HPE),1,Source document is an IOGP High Potential Event report,03 Sep 2025,UAE,Construction,"Caught in, under or between (excl. dropped objects)","Construction, commissioning, decommissioning",Safe mechanical lifting,Line of fire,"Workers were unloading sandbags from the bucket of a wheel loader. While unloading the sandbags, a worker’s left foot was under the loader’s bucket. The bucket was inadvertently lowered, resulting in a crush injury to the worker (hereinafter referred to as the injured person or IP).",The IP suffered an open wound and a metatarsal fracture on his left foot.,"• Permit To Work shall be issued for the specific activity. • Performing authority shall be present full-time in the work location. • Toolbox talk shall be given specifically to the Hazard and control measures specified in the Permit. • Qualified and experienced HSE Officers will be mobilized on the project to identify hazards and minimize risks by implementing control measures. • The Project HSE Officer shall share daily HSE reports to Field HSE (FHSE). • FHSE and Operations Safety Site Support are not participating in the Project HSE weekly / monthly meeting, FHSE and Operations Safety Site Support shall participate in project weekly / monthly HSE meeting. • Ensure Contract proponent check list is filled.",PEOPLE (ACTS): Following Procedures: Improper position (in the line of fire) PEOPLE (ACTS): Following Procedures: Improper lifting or loading PEOPLE (ACTS): Inattention/Lack of Awareness: Improper decision making or lack of judgment PEOPLE (ACTS): Inattention/Lack of Awareness: Lack of attention/distracted by other concerns/stress PROCESS (CONDITIONS): Organizational: Poor leadership/organizational culture MIDDLE EAST ONSHORE 58,"NARRATIVE: Workers were unloading sandbags from the bucket of a wheel loader. While unloading the sandbags, a worker’s left foot was under the loader’s bucket. The bucket was inadvertently lowered, resulting in a crush injury to the worker (hereinafter referred to as the injured person or IP). | WHAT WENT WRONG: The IP suffered an open wound and a metatarsal fracture on his left foot. | CAUSAL FACTORS: PEOPLE (ACTS): Following Procedures: Improper position (in the line of fire) PEOPLE (ACTS): Following Procedures: Improper lifting or loading PEOPLE (ACTS): Inattention/Lack of Awareness: Improper decision making or lack of judgment PEOPLE (ACTS): Inattention/Lack of Awareness: Lack of attention/distracted by other concerns/stress PROCESS (CONDITIONS): Organizational: Poor leadership/organizational culture MIDDLE EAST ONSHORE 58"
IOGP-HPE-2025-062,IOGP Safety performance indicators – 2025 data: High potential event reports,High Potential Event (HPE),1,Source document is an IOGP High Potential Event report,30 Apr 2025,UAE,Construction,Dropped objects,Transport - Land,Driving,Line of fire,"On 30/04/2025, a High Potential (HIPO) occurred when a crane’s counterweight of 15 tonnes fell off the trailer due to failure in the securing belt. The trailer was moving from the laydown area to the well-pad. No personnel injuries were reported.","• The trailer was hired from supplier/vendor for material transportation and driver was not aware of the road condition and associated hazards. • The lashing chain hooks slipped from the secure position and became loose due to vibration while driving on rough road. • Land transport risk assessment was not updated and discussed with drivers using rough grade access roads. • Pads or wooden frame were not provided under the load to avoid slippage from the metal surface of trailer bed. • No escort was provided with heavy transportation to guide the trailer driver. • All required inspection, documents relevant to the low bed trailer and driver was updated and approved by the project.",• Drivers should be educated for unseen uneven road conditions prior to start traveling. • Risk Assessment shall be revisited and additional lashing prior to transportation on rough roads shall be added as controls.,"PEOPLE (ACTS): Following Procedures: Improper position (in the line of fire) PEOPLE (ACTS): Use of Protective Methods: Equipment or materials not secured PROCESS (CONDITIONS): Work Place Hazards: Inadequate surfaces, floors, walkways or roads PROCESS (CONDITIONS): Organizational: Inadequate hazard identification or risk assessment MIDDLE EAST ONSHORE 59","NARRATIVE: On 30/04/2025, a High Potential (HIPO) occurred when a crane’s counterweight of 15 tonnes fell off the trailer due to failure in the securing belt. The trailer was moving from the laydown area to the well-pad. No personnel injuries were reported. | WHAT WENT WRONG: • The trailer was hired from supplier/vendor for material transportation and driver was not aware of the road condition and associated hazards. • The lashing chain hooks slipped from the secure position and became loose due to vibration while driving on rough road. • Land transport risk assessment was not updated and discussed with drivers using rough grade access roads. • Pads or wooden frame were not provided under the load to avoid slippage from the metal surface of trailer bed. • No escort was provided with heavy transportation to guide the trailer driver. • All required inspection, documents relevant to the low bed trailer and driver was updated and approved by the project. | CAUSAL FACTORS: PEOPLE (ACTS): Following Procedures: Improper position (in the line of fire) PEOPLE (ACTS): Use of Protective Methods: Equipment or materials not secured PROCESS (CONDITIONS): Work Place Hazards: Inadequate surfaces, floors, walkways or roads PROCESS (CONDITIONS): Organizational: Inadequate hazard identification or risk assessment MIDDLE EAST ONSHORE 59"
IOGP-HPE-2025-063,IOGP Safety performance indicators – 2025 data: High potential event reports,High Potential Event (HPE),1,Source document is an IOGP High Potential Event report,14 Apr 2025,Qatar,Drilling,Dropped objects,"Lifting, crane, rigging, deck operations",Safe mechanical lifting,Line of fire,"After completing the second gyro survey, the crew began rigging down. On the platform deck, a tugger line was attached to the gyro tool as secondary retention. The tool was lifted to the rig floor using the wireline. Once above the rotary table, the wireline gooseneck was installed on top of the tool. As the tugger was spooled in to take the tool’s weight, its swivel caught the gooseneck, pulling it off. The gooseneck, weighing 2.3 kg, fell approximately 50 ft from the rotary table to the platform deck.","• The securing bolt on the gooseneck was damaged during a previous run and replaced. However, the replacement bolt lacked the attachment for the secondary gooseneck retention device. As a result, the operation was carried out without the required safety retention device installed. • The change of equipment was not escalated and no MOC process was initiated.","• Any equipment damage, substitution, or deviation from approved design shall trigger immediate STOP WORK and be subject to a formal Management of Change process prior to resuming operations. • Secondary retention devices are safety‑critical controls and shall not be removed, bypassed, or omitted without formal engineering justification and authorization. • Critical procedural requirements must be complied with at all times, without exception, including during routine, non‑routine, and close‑out activities. • Always follow red zone management, no simultaneous activities during rig-down.","PEOPLE (ACTS): Following Procedures: Improper position (in the line of fire) PEOPLE (ACTS): Use of Tools, Equipment, Materials and Products: Improper use/position of tools/equipment/ materials/products PROCESS (CONDITIONS): Protective Systems: Inadequate/defective warning systems/safety devices PROCESS (CONDITIONS): Tools, Equipment, Materials and Products: Inadequate design/specification/management of change PROCESS (CONDITIONS): Organizational: Inadequate hazard identification or risk assessment PROCESS (CONDITIONS): Organizational: Inadequate communication MIDDLE EAST OFFSHORE 60","NARRATIVE: After completing the second gyro survey, the crew began rigging down. On the platform deck, a tugger line was attached to the gyro tool as secondary retention. The tool was lifted to the rig floor using the wireline. Once above the rotary table, the wireline gooseneck was installed on top of the tool. As the tugger was spooled in to take the tool’s weight, its swivel caught the gooseneck, pulling it off. The gooseneck, weighing 2.3 kg, fell approximately 50 ft from the rotary table to the platform deck. | WHAT WENT WRONG: • The securing bolt on the gooseneck was damaged during a previous run and replaced. However, the replacement bolt lacked the attachment for the secondary gooseneck retention device. As a result, the operation was carried out without the required safety retention device installed. • The change of equipment was not escalated and no MOC process was initiated. | CAUSAL FACTORS: PEOPLE (ACTS): Following Procedures: Improper position (in the line of fire) PEOPLE (ACTS): Use of Tools, Equipment, Materials and Products: Improper use/position of tools/equipment/ materials/products PROCESS (CONDITIONS): Protective Systems: Inadequate/defective warning systems/safety devices PROCESS (CONDITIONS): Tools, Equipment, Materials and Products: Inadequate design/specification/management of change PROCESS (CONDITIONS): Organizational: Inadequate hazard identification or risk assessment PROCESS (CONDITIONS): Organizational: Inadequate communication MIDDLE EAST OFFSHORE 60"
IOGP-HPE-2025-064,IOGP Safety performance indicators – 2025 data: High potential event reports,High Potential Event (HPE),1,Source document is an IOGP High Potential Event report,16 Apr 2025,Qatar,Drilling,Dropped objects,"Lifting, crane, rigging, deck operations",Line of fire,Safe mechanical lifting,"During racking-back a 7” landing joint using the Monkey board forward pullback tugger, the line parted, causing the parted hook and line to fall from the Monkey board to the rig floor. No one was injured or struck by the dropped object. 3 crew members were in the Red Zone at the time of the Dropped Object. Hook weighed 0.75kg and dropped 83ft approx.",• Over tensioning of the winch wire when Driller picked up on the Elevators. • CCTV not been watched by the driller during rack back operation. • Management of change not implemented sufficiently with no formal JSA to manage the change. • Work Instruction does not include what is a common work scope onboard. • The unit of making up the landing stand prior to running the last sequence of Liner runs. • Poor Communication visual and verbal during the operation.,"• Changes in equipment configuration, dimensions, or handling methods require explicit recognition and risk assessment. • Unplanned changes to task execution require a documented MOC, including revised steps and controls. • All pullback or positioning lines shall be slack and positively controlled prior to lifting. • Visual confirmation tools (e.g. CCTV) must be actively used to verify safe conditions before critical actions","PEOPLE (ACTS): Following Procedures: Improper position (in the line of fire) PEOPLE (ACTS): Following Procedures: Improper lifting or loading PEOPLE (ACTS): Inattention/Lack of Awareness: Improper decision making or lack of judgment PEOPLE (ACTS): Inattention/Lack of Awareness: Lack of attention/distracted by other concerns/stress PROCESS (CONDITIONS): Tools, Equipment, Materials and Products: Inadequate design/specification/management of change PROCESS (CONDITIONS): Organizational: Inadequate hazard identification or risk assessment PROCESS (CONDITIONS): Organizational: Inadequate communication MIDDLE EAST OFFSHORE 61","NARRATIVE: During racking-back a 7” landing joint using the Monkey board forward pullback tugger, the line parted, causing the parted hook and line to fall from the Monkey board to the rig floor. No one was injured or struck by the dropped object. 3 crew members were in the Red Zone at the time of the Dropped Object. Hook weighed 0.75kg and dropped 83ft approx. | WHAT WENT WRONG: • Over tensioning of the winch wire when Driller picked up on the Elevators. • CCTV not been watched by the driller during rack back operation. • Management of change not implemented sufficiently with no formal JSA to manage the change. • Work Instruction does not include what is a common work scope onboard. • The unit of making up the landing stand prior to running the last sequence of Liner runs. • Poor Communication visual and verbal during the operation. | CAUSAL FACTORS: PEOPLE (ACTS): Following Procedures: Improper position (in the line of fire) PEOPLE (ACTS): Following Procedures: Improper lifting or loading PEOPLE (ACTS): Inattention/Lack of Awareness: Improper decision making or lack of judgment PEOPLE (ACTS): Inattention/Lack of Awareness: Lack of attention/distracted by other concerns/stress PROCESS (CONDITIONS): Tools, Equipment, Materials and Products: Inadequate design/specification/management of change PROCESS (CONDITIONS): Organizational: Inadequate hazard identification or risk assessment PROCESS (CONDITIONS): Organizational: Inadequate communication MIDDLE EAST OFFSHORE 61"
IOGP-HPE-2025-065,IOGP Safety performance indicators – 2025 data: High potential event reports,High Potential Event (HPE),1,Source document is an IOGP High Potential Event report,15 Jul 2025,Qatar,Drilling,Falls from height,"Drilling, workover, well operations",Safe mechanical lifting,Line of fire,"The rig crew were in the process of nipple down the bell nipple mandrel. While positioning the multi purpose crane for installing the bell nipple lifting slings the man basket (354kg), which was holding 2 persons, dislodged from the main structure of the crane and fell approx.16.5m to the top deck of the platform. Neither of the 2 persons fell as they were suspended by their harness and inertia reels. Both personnel were recovered in 2 minutes. One of the 2 personnel received first aid treatment for slight swelling.","1. Rotation of man basket around crane winch drum collar created momentum: a) System has always been ""sticky"" with the man basket not self-levelling. b) Rig crew have developed processes to correct (jumping and operate the winch slightly) that are not included in the procedures. 2. Crane wire fitted with shackle caught on man basket structure resulted in lift forces. 3. Combination of forces resulted in man basket lifting and twisting away from the sheave. 4. Multipurpose Crane not being operated as per OEM requirements when DMB installed: a) Man-basket should not move independently of the crane sheave. b) Moving the controls to the man basket is a requirement within the manual. This releases the drive motor from the sheave and allows the sheave to rotate freely. 5. Man-basket safety device deployed but not effective: a) Deemed ineffective following a past incident at another location. b) OEM’s recommendations regarding the new design and the additional inspections were not considered.","1. Reinforce the importance of using independent fall arrest equipment when working at height 2. Reinforce the requirement carefully considering attachment points for fall arrest equipment. 3. Ensure that fall arrest equipment is inspected and certified as per Company Procedure. 4. Reinforce the importance of maintaining, storing and inspecting all safety critical equipment to ensure it is in excellent working order when being used.","PROCESS (CONDITIONS): Protective Systems: Inadequate/defective warning systems/safety devices PROCESS (CONDITIONS): Tools, Equipment, Materials and Products: Inadequate design/specification/management of change MIDDLE EAST OFFSHORE 62 PROCESS (CONDITIONS): Organizational: Inadequate work standards/procedures PROCESS (CONDITIONS): Organizational: Inadequate hazard identification or risk assessment PROCESS (CONDITIONS): Organizational: Inadequate communication PROCESS (CONDITIONS): Organizational: Poor leadership/organizational culture PROCESS (CONDITIONS): Organizational: Failure to report/learn from events","NARRATIVE: The rig crew were in the process of nipple down the bell nipple mandrel. While positioning the multi purpose crane for installing the bell nipple lifting slings the man basket (354kg), which was holding 2 persons, dislodged from the main structure of the crane and fell approx.16.5m to the top deck of the platform. Neither of the 2 persons fell as they were suspended by their harness and inertia reels. Both personnel were recovered in 2 minutes. One of the 2 personnel received first aid treatment for slight swelling. | WHAT WENT WRONG: 1. Rotation of man basket around crane winch drum collar created momentum: a) System has always been ""sticky"" with the man basket not self-levelling. b) Rig crew have developed processes to correct (jumping and operate the winch slightly) that are not included in the procedures. 2. Crane wire fitted with shackle caught on man basket structure resulted in lift forces. 3. Combination of forces resulted in man basket lifting and twisting away from the sheave. 4. Multipurpose Crane not being operated as per OEM requirements when DMB installed: a) Man-basket should not move independently of the crane sheave. b) Moving the controls to the man basket is a requirement within the manual. This releases the drive motor from the sheave and allows the sheave to rotate freely. 5. Man-basket safety device deployed but not effective: a) Deemed ineffective following a past incident at another location. b) OEM’s recommendations regarding the new design and the additional inspections were not considered. | CAUSAL FACTORS: PROCESS (CONDITIONS): Protective Systems: Inadequate/defective warning systems/safety devices PROCESS (CONDITIONS): Tools, Equipment, Materials and Products: Inadequate design/specification/management of change MIDDLE EAST OFFSHORE 62 PROCESS (CONDITIONS): Organizational: Inadequate work standards/procedures PROCESS (CONDITIONS): Organizational: Inadequate hazard identification or risk assessment PROCESS (CONDITIONS): Organizational: Inadequate communication PROCESS (CONDITIONS): Organizational: Poor leadership/organizational culture PROCESS (CONDITIONS): Organizational: Failure to report/learn from events"
IOGP-HPE-2025-066,IOGP Safety performance indicators – 2025 data: High potential event reports,High Potential Event (HPE),1,Source document is an IOGP High Potential Event report,12 May 2025,Qatar,Production,"Caught in, under or between (excl. dropped objects)","Lifting, crane, rigging, deck operations",Line of fire,Safe mechanical lifting,"During the workboat transfer operation, workboat was transferred from the laydown area to the transport vessel main deck and positioned in its transport cradle. During final positioning, the vessel could not remain steady. As a result, the workboat swung into a nearby Cargo Carrying Unit (CCU), causing damage to the hull. A crew member handling a tag line was exposed to risk and was nearly caught between the CCU and the swinging workboat.","• Clear Deck policy (no persons on deck during lifting operations) not adhered. • Use of tag lines should have been properly assessed and if required, deviated against. • Permit to work not used as per vessel Bridging document, for control of non routine tasks within safety zone. • Methodology for transferring the workboat was not adequality assessed (MoC) rather a generic lifting risk assessment was used. • Banksman did not have direct communication with vessel bridge, who were responsible for vessel positioning. • Escape route for those involved in lifting route not clear, potential crushing scenario against container on deck, as work boat swung once lifted out of cradle.",• Provide an approved and certified cradle for workboats intended for lifting operations. • Issue and reinforce a mandatory safety communication during safety meetings emphasizing the requirement for personnel involved in lifting operations to maintain a clear and unobstructed escape route. • Review the competency levels of personnel involved in lifting operations and provide retraining where gaps are identified. • Issue a formal communication requiring permit‑to‑work compliance and task‑specific risk assessments for all non‑routine activities within designated safety zones. • Amend the company standard to formally include the prohibition of tag lines and the requirement to maintain a clear deck policy during boat lifting operations.,"PEOPLE (ACTS): Following Procedures: Improper position (in the line of fire) PEOPLE (ACTS): Following Procedures: Improper lifting or loading PROCESS (CONDITIONS): Work Place Hazards: Congestion, clutter or restricted motion MIDDLE EAST OFFSHORE 63 PROCESS (CONDITIONS): Organizational: Inadequate hazard identification or risk assessment PROCESS (CONDITIONS): Organizational: Inadequate communication","NARRATIVE: During the workboat transfer operation, workboat was transferred from the laydown area to the transport vessel main deck and positioned in its transport cradle. During final positioning, the vessel could not remain steady. As a result, the workboat swung into a nearby Cargo Carrying Unit (CCU), causing damage to the hull. A crew member handling a tag line was exposed to risk and was nearly caught between the CCU and the swinging workboat. | WHAT WENT WRONG: • Clear Deck policy (no persons on deck during lifting operations) not adhered. • Use of tag lines should have been properly assessed and if required, deviated against. • Permit to work not used as per vessel Bridging document, for control of non routine tasks within safety zone. • Methodology for transferring the workboat was not adequality assessed (MoC) rather a generic lifting risk assessment was used. • Banksman did not have direct communication with vessel bridge, who were responsible for vessel positioning. • Escape route for those involved in lifting route not clear, potential crushing scenario against container on deck, as work boat swung once lifted out of cradle. | CAUSAL FACTORS: PEOPLE (ACTS): Following Procedures: Improper position (in the line of fire) PEOPLE (ACTS): Following Procedures: Improper lifting or loading PROCESS (CONDITIONS): Work Place Hazards: Congestion, clutter or restricted motion MIDDLE EAST OFFSHORE 63 PROCESS (CONDITIONS): Organizational: Inadequate hazard identification or risk assessment PROCESS (CONDITIONS): Organizational: Inadequate communication"
IOGP-HPE-2025-067,IOGP Safety performance indicators – 2025 data: High potential event reports,High Potential Event (HPE),1,Source document is an IOGP High Potential Event report,28 Oct 2025,Qatar,Production,Falls from height,"Construction, commissioning, decommissioning",Working at height,Line of fire,"Two project contractors were observed working outside the handrail on structural beams approximately 30 meters above sea level. They were without the required fall-prevention barriers or authorized permits. Both individuals faced an uncontrolled fall-from-height hazard, posing a significant risk where survivability is minimal and multiple fatalities could occur.","1. No valid permit to work for the activity taking place. 2. No fall arrest equipment. 3. No life jackets. 4. No overside cover arrangements in place (for MOB). 5. At the time of the observation, adverse weather restrictions were in place which had restricted all overside work at the platform.",1. A Safety Standdown was carried out with all personnel. 2. A detailed Investigation was launched.,PEOPLE (ACTS): Following Procedures: Deviation intentional (by individual or group) PEOPLE (ACTS): Use of Protective Methods: Inadequate use of safety systems PEOPLE (ACTS): Use of Protective Methods: Personal Protective Equipment not used or used improperly PROCESS (CONDITIONS): Protective Systems: Inadequate/defective guards or protective barriers PROCESS (CONDITIONS): Organizational: Inadequate hazard identification or risk assessment PROCESS (CONDITIONS): Organizational: Inadequate supervision MIDDLE EAST OFFSHORE 64,"NARRATIVE: Two project contractors were observed working outside the handrail on structural beams approximately 30 meters above sea level. They were without the required fall-prevention barriers or authorized permits. Both individuals faced an uncontrolled fall-from-height hazard, posing a significant risk where survivability is minimal and multiple fatalities could occur. | WHAT WENT WRONG: 1. No valid permit to work for the activity taking place. 2. No fall arrest equipment. 3. No life jackets. 4. No overside cover arrangements in place (for MOB). 5. At the time of the observation, adverse weather restrictions were in place which had restricted all overside work at the platform. | CAUSAL FACTORS: PEOPLE (ACTS): Following Procedures: Deviation intentional (by individual or group) PEOPLE (ACTS): Use of Protective Methods: Inadequate use of safety systems PEOPLE (ACTS): Use of Protective Methods: Personal Protective Equipment not used or used improperly PROCESS (CONDITIONS): Protective Systems: Inadequate/defective guards or protective barriers PROCESS (CONDITIONS): Organizational: Inadequate hazard identification or risk assessment PROCESS (CONDITIONS): Organizational: Inadequate supervision MIDDLE EAST OFFSHORE 64"
IOGP-HPE-2025-068,IOGP Safety performance indicators – 2025 data: High potential event reports,High Potential Event (HPE),1,Source document is an IOGP High Potential Event report,25 Jul 2025,Qatar,Production,Pressure release,"Maintenance, inspection, testing",Energy isolation,Line of fire,"IP was working alone and attempted to disconnect a 2"" airline which was pressurized. An assumption was made that line was de-pressurized without being verified - line was still connected to an air compressor. Upon release, hose kicked back striking IPs hand and helmet.","• The air hose was disconnected while still pressurized because isolation was assumed rather than verified. Pressurized hose not marked up as per checklist. Line was not walked as per procedure to verify status of line. • The hose disconnected was a supply line, not an outlet, due to misidentification of the air distribution configuration. • Key hazards (pressurized system, line of fire, verification steps) were not identified before the task, and safe disconnection steps were not followed.","• All equipment shall be clearly labelled and tagged in accordance with site standards across all platforms and operational locations. • Permit‑to‑work processes shall be reviewed to ensure all hazards and controls are comprehensively identified, including the use of task‑specific permits for rigging and de‑rigging activities, with controls clearly defined and non‑generic. • Undertake formal follow‑up on the competency assurance of personnel involved in isolation and permit‑related activities, and ensure that any identified competency gaps are addressed in accordance with established training and authorization requirements. • Permits involving pressurized air systems shall require verification of air distribution arrangements, including confirmation that approved air distribution network drawings are attached where applicable.","PEOPLE (ACTS): Following Procedures: Improper position (in the line of fire) PEOPLE (ACTS): Use of Tools, Equipment, Materials and Products: Improper use/position of tools/equipment/ materials/products PEOPLE (ACTS): Use of Tools, Equipment, Materials and Products: Servicing of energized equipment/inadequate energy isolation PEOPLE (ACTS): Use of Protective Methods: Failure to warn of hazard PEOPLE (ACTS): Inattention/Lack of Awareness: Improper decision making or lack of judgment PROCESS (CONDITIONS): Organizational: Inadequate training/competence PROCESS (CONDITIONS): Organizational: Inadequate work standards/procedures PROCESS (CONDITIONS): Organizational: Inadequate hazard identification or risk assessment MIDDLE EAST OFFSHORE 65","NARRATIVE: IP was working alone and attempted to disconnect a 2"" airline which was pressurized. An assumption was made that line was de-pressurized without being verified - line was still connected to an air compressor. Upon release, hose kicked back striking IPs hand and helmet. | WHAT WENT WRONG: • The air hose was disconnected while still pressurized because isolation was assumed rather than verified. Pressurized hose not marked up as per checklist. Line was not walked as per procedure to verify status of line. • The hose disconnected was a supply line, not an outlet, due to misidentification of the air distribution configuration. • Key hazards (pressurized system, line of fire, verification steps) were not identified before the task, and safe disconnection steps were not followed. | CAUSAL FACTORS: PEOPLE (ACTS): Following Procedures: Improper position (in the line of fire) PEOPLE (ACTS): Use of Tools, Equipment, Materials and Products: Improper use/position of tools/equipment/ materials/products PEOPLE (ACTS): Use of Tools, Equipment, Materials and Products: Servicing of energized equipment/inadequate energy isolation PEOPLE (ACTS): Use of Protective Methods: Failure to warn of hazard PEOPLE (ACTS): Inattention/Lack of Awareness: Improper decision making or lack of judgment PROCESS (CONDITIONS): Organizational: Inadequate training/competence PROCESS (CONDITIONS): Organizational: Inadequate work standards/procedures PROCESS (CONDITIONS): Organizational: Inadequate hazard identification or risk assessment MIDDLE EAST OFFSHORE 65"
IOGP-HPE-2025-069,IOGP Safety performance indicators – 2025 data: High potential event reports,High Potential Event (HPE),1,Source document is an IOGP High Potential Event report,20 May 2025,Canada,Production,"Explosion, fire or burns","Maintenance, inspection, testing",Energy isolation,Line of fire,"On May 20, 2025, a worker was engaged in repositioning a spec blind from the closed to the open position on the flare line, in preparation to de-isolate the unit for commissioning activities. During this activity, the worker was exposed to a gas/energy release from the down steam side of the isolated gate valve at the open flange pair. Worker required rescue from heights and was provided onsite first aid; worker was transported to a local hospital for further medical assessment where it was determined worker sustained bruised ribs and a concussion. Worker was released from hospital the same day.","The 10” gate valve used as a single isolation was not fully closed because the chain operator seized due to physical interference, giving a false indication that the valve was seated. Pressure verification showed 0 kPag, but this was ambiguous because the flare system was under slight vacuum, meaning zero pressure did not confirm positive isolation. Oxygen entered the flare piping system through the partially open valve while the flare remained lit, creating conditions for ignition. When work was performed on the spectacle blind, this led to a deflagration and an uncontrolled release of energy that injured the worker.","1. Zero pressure does not equal positive isolation - Pressure indication alone is an insufficient barrier for verifying isolation in flare systems, especially where vacuum conditions can exist. 2. Single isolation is not a robust barrier for breaking containment - Single isolation provides little tolerance for hidden failures and should not be relied upon where severe energy release is credible. 3. Equipment condition and work environment directly shape human decision-making - People act on the cues the system gives them; degraded equipment and obstructed layouts can actively mislead competent workers. 4. Permits and risk classification must reflect real hazard potential - Administrative controls lose credibility when they do not reflect the true severity of the hazard.","PEOPLE (ACTS): Following Procedures: Improper position (in the line of fire) PEOPLE (ACTS): Use of Tools, Equipment, Materials and Products: Servicing of energized equipment/inadequate energy isolation PEOPLE (ACTS): Use of Protective Methods: Failure to warn of hazard PROCESS (CONDITIONS): Tools, Equipment, Materials and Products: Inadequate design/specification/management of change PROCESS (CONDITIONS): Work Place Hazards: Hazardous atmosphere (explosive/toxic/asphyxiant) PROCESS (CONDITIONS): Organizational: Inadequate hazard identification or risk assessment NORTH AMERICA ONSHORE 66","NARRATIVE: On May 20, 2025, a worker was engaged in repositioning a spec blind from the closed to the open position on the flare line, in preparation to de-isolate the unit for commissioning activities. During this activity, the worker was exposed to a gas/energy release from the down steam side of the isolated gate valve at the open flange pair. Worker required rescue from heights and was provided onsite first aid; worker was transported to a local hospital for further medical assessment where it was determined worker sustained bruised ribs and a concussion. Worker was released from hospital the same day. | WHAT WENT WRONG: The 10” gate valve used as a single isolation was not fully closed because the chain operator seized due to physical interference, giving a false indication that the valve was seated. Pressure verification showed 0 kPag, but this was ambiguous because the flare system was under slight vacuum, meaning zero pressure did not confirm positive isolation. Oxygen entered the flare piping system through the partially open valve while the flare remained lit, creating conditions for ignition. When work was performed on the spectacle blind, this led to a deflagration and an uncontrolled release of energy that injured the worker. | CAUSAL FACTORS: PEOPLE (ACTS): Following Procedures: Improper position (in the line of fire) PEOPLE (ACTS): Use of Tools, Equipment, Materials and Products: Servicing of energized equipment/inadequate energy isolation PEOPLE (ACTS): Use of Protective Methods: Failure to warn of hazard PROCESS (CONDITIONS): Tools, Equipment, Materials and Products: Inadequate design/specification/management of change PROCESS (CONDITIONS): Work Place Hazards: Hazardous atmosphere (explosive/toxic/asphyxiant) PROCESS (CONDITIONS): Organizational: Inadequate hazard identification or risk assessment NORTH AMERICA ONSHORE 66"
IOGP-HPE-2025-070,IOGP Safety performance indicators – 2025 data: High potential event reports,High Potential Event (HPE),1,Source document is an IOGP High Potential Event report,28 Feb 2025,Canada,Production,"Exposure noise, chemical, biological, vibration, extreme temperature",Transport - Land,Line of fire,Energy isolation,"During a fluid-hauling task, water transfer to a tank truck was completed and the hose was disconnected. A valve was found not fully closed, and hot fluid sprayed during subsequent valve manipulation. The job was stopped, emergency medical response was initiated, and the well/site was shut down to support response and control the release.","Residual energy remained in the system at the time of disconnection/valve manipulation, resulting in a hot-fluid spray. The investigation identified gaps in procedural requirements for verifying zero energy and specifying chemical PPE for hot-fluid tasks, and noted that the system configuration did not readily allow field verification of “zero energy.”","Update procedures and minimum PPE requirements for hot-fluid tasks (including defined thresholds) and incorporate explicit “verify zero energy” expectations. Where verification is not practicable, implement engineering/ administrative improvements (e.g., bleed/verification points or safer valve/coupler configurations) so that residual energy can be confirmed and controlled before disconnecting equipment.","PEOPLE (ACTS): Following Procedures: Improper position (in the line of fire) PEOPLE (ACTS): Use of Tools, Equipment, Materials and Products: Servicing of energized equipment/inadequate energy isolation PEOPLE (ACTS): Use of Protective Methods: Personal Protective Equipment not used or used improperly PROCESS (CONDITIONS): Tools, Equipment, Materials and Products: Inadequate design/specification/management of change PROCESS (CONDITIONS): Organizational: Inadequate work standards/procedures PROCESS (CONDITIONS): Organizational: Inadequate hazard identification or risk assessment NORTH AMERICA ONSHORE 67","NARRATIVE: During a fluid-hauling task, water transfer to a tank truck was completed and the hose was disconnected. A valve was found not fully closed, and hot fluid sprayed during subsequent valve manipulation. The job was stopped, emergency medical response was initiated, and the well/site was shut down to support response and control the release. | WHAT WENT WRONG: Residual energy remained in the system at the time of disconnection/valve manipulation, resulting in a hot-fluid spray. The investigation identified gaps in procedural requirements for verifying zero energy and specifying chemical PPE for hot-fluid tasks, and noted that the system configuration did not readily allow field verification of “zero energy.” | CAUSAL FACTORS: PEOPLE (ACTS): Following Procedures: Improper position (in the line of fire) PEOPLE (ACTS): Use of Tools, Equipment, Materials and Products: Servicing of energized equipment/inadequate energy isolation PEOPLE (ACTS): Use of Protective Methods: Personal Protective Equipment not used or used improperly PROCESS (CONDITIONS): Tools, Equipment, Materials and Products: Inadequate design/specification/management of change PROCESS (CONDITIONS): Organizational: Inadequate work standards/procedures PROCESS (CONDITIONS): Organizational: Inadequate hazard identification or risk assessment NORTH AMERICA ONSHORE 67"
IOGP-HPE-2025-071,IOGP Safety performance indicators – 2025 data: High potential event reports,High Potential Event (HPE),1,Source document is an IOGP High Potential Event report,15 Oct 2025,Canada,Construction,Dropped objects,"Construction, commissioning, decommissioning",Line of fire,Bypassing safety controls,"During offloading of a delivery of structural steel, a stacked load became unstable while the final securement strap was being removed. A beam fell from the trailer and struck a worker. Emergency response was initiated, the beam was removed from contact, and the worker was transported for medical assessment and treatment.","The load became unstable during the unstrapping step and a beam dropped unexpectedly. Pre-job planning and cargo-management expectations were not consistently communicated to all parties involved in the offload, including the driver, and required verification steps (e.g., use of task hazard assessment / cargo management processes) were not effectively applied at the subcontractor interface.","Require that all personnel involved in delivery/offloading are included in the pre-job briefing and the offload plan. Verify load securement and offloading controls against applicable standards and site expectations before straps are removed, and use engineered controls (e.g., suitable bunks/deck-pin/barrier arrangements) where practicable to reduce reliance on procedural controls alone.",PEOPLE (ACTS): Following Procedures: Improper position (in the line of fire) PEOPLE (ACTS): Use of Protective Methods: Equipment or materials not secured PROCESS (CONDITIONS): Organizational: Inadequate training/competence PROCESS (CONDITIONS): Organizational: Inadequate hazard identification or risk assessment PROCESS (CONDITIONS): Organizational: Inadequate communication PROCESS (CONDITIONS): Organizational: Inadequate supervision,"NARRATIVE: During offloading of a delivery of structural steel, a stacked load became unstable while the final securement strap was being removed. A beam fell from the trailer and struck a worker. Emergency response was initiated, the beam was removed from contact, and the worker was transported for medical assessment and treatment. | WHAT WENT WRONG: The load became unstable during the unstrapping step and a beam dropped unexpectedly. Pre-job planning and cargo-management expectations were not consistently communicated to all parties involved in the offload, including the driver, and required verification steps (e.g., use of task hazard assessment / cargo management processes) were not effectively applied at the subcontractor interface. | CAUSAL FACTORS: PEOPLE (ACTS): Following Procedures: Improper position (in the line of fire) PEOPLE (ACTS): Use of Protective Methods: Equipment or materials not secured PROCESS (CONDITIONS): Organizational: Inadequate training/competence PROCESS (CONDITIONS): Organizational: Inadequate hazard identification or risk assessment PROCESS (CONDITIONS): Organizational: Inadequate communication PROCESS (CONDITIONS): Organizational: Inadequate supervision"
IOGP-HPE-2025-072,IOGP Safety performance indicators – 2025 data: High potential event reports,High Potential Event (HPE),1,Source document is an IOGP High Potential Event report,26 May 2025,USA,Drilling,Pressure release,"Drilling, workover, well operations",Energy isolation,Line of fire,Crew was killing the well with Axis Reverse Unit when the Axis Pump Hand appears to have engaged valves in the incorrect order allowing pressure to exit well bore through a disconnected 2” hose at the rig floor. Pressure estimated to be 600 psi. Loose end of hose whipped and struck one individual on the top of their hard hat. NORTH AMERICA ONSHORE 68,Axis pump hand opened a valve and allowed wellbore pressure to energize the hose resulting in it whipping and striking the IP.,Improper sequence of steps (valve alignment) which resulted in an unintended release of pressure to the kelly hose striking the Floorhand.,"PEOPLE (ACTS): Following Procedures: Deviation unintentional (by individual or group) PEOPLE (ACTS): Following Procedures: Improper position (in the line of fire) PEOPLE (ACTS): Use of Tools, Equipment, Materials and Products: Servicing of energized equipment/inadequate energy isolation PROCESS (CONDITIONS): Organizational: Inadequate work standards/procedures PROCESS (CONDITIONS): Organizational: Inadequate hazard identification or risk assessment","NARRATIVE: Crew was killing the well with Axis Reverse Unit when the Axis Pump Hand appears to have engaged valves in the incorrect order allowing pressure to exit well bore through a disconnected 2” hose at the rig floor. Pressure estimated to be 600 psi. Loose end of hose whipped and struck one individual on the top of their hard hat. NORTH AMERICA ONSHORE 68 | WHAT WENT WRONG: Axis pump hand opened a valve and allowed wellbore pressure to energize the hose resulting in it whipping and striking the IP. | CAUSAL FACTORS: PEOPLE (ACTS): Following Procedures: Deviation unintentional (by individual or group) PEOPLE (ACTS): Following Procedures: Improper position (in the line of fire) PEOPLE (ACTS): Use of Tools, Equipment, Materials and Products: Servicing of energized equipment/inadequate energy isolation PROCESS (CONDITIONS): Organizational: Inadequate work standards/procedures PROCESS (CONDITIONS): Organizational: Inadequate hazard identification or risk assessment"
IOGP-HPE-2025-073,IOGP Safety performance indicators – 2025 data: High potential event reports,High Potential Event (HPE),1,Source document is an IOGP High Potential Event report,10 Jul 2025,USA,Drilling,Struck by (not dropped object),"Drilling, workover, well operations",Energy isolation,Line of fire,"A Mechanic and an E-Tech were repairing a section of the natural gas manifold on frac pump. The employees were replacing a section on the manifold referred to as a pistol. After the repairs were made the employees opened the natural gas supply valve to supply the gas manifold on the pump. The mechanic stepped up onto a platform to open the main ball valve of the natural gas manifold to allow the pump to start burning the natural gas as fuel. As the mechanic (IP) opened the main ball valve, both employees heard a loud pop noise. The top of the low-pressure regulator (VDR) broke away from its base and struck the mechanic in the head above his right eye causing a laceration. The top of the VDR is made of aluminum and weighs approximately 1lb/~454g. The IP was evaluated at a local emergency room, and the IP received 8 sutures to close the laceration.",• No administrative controls to perform LOTO on the pump for this task. • Worker was new to position (little over 3 months) and never worked on gas train. • Safeguard was not in place and caused the system to be over pressured at 115psi. The OEM rating is 5 psi.,• All pumps without complete gas trains were placed out of service and the lock out tag out procedure put into place. • Training was given to shop & test stand employees on the recognition of a complete gas train and procedure for testing regulators before leaving the test stand and putting the pump into service. • E-Tech manager will provide a procedure for the established gas train and the testing procedure in an SOP for running gas including all hookup and parts that are approved. NORTH AMERICA ONSHORE 69,"PEOPLE (ACTS): Following Procedures: Improper position (in the line of fire) PEOPLE (ACTS): Use of Tools, Equipment, Materials and Products: Servicing of energized equipment/inadequate energy isolation PROCESS (CONDITIONS): Protective Systems: Inadequate/defective guards or protective barriers","NARRATIVE: A Mechanic and an E-Tech were repairing a section of the natural gas manifold on frac pump. The employees were replacing a section on the manifold referred to as a pistol. After the repairs were made the employees opened the natural gas supply valve to supply the gas manifold on the pump. The mechanic stepped up onto a platform to open the main ball valve of the natural gas manifold to allow the pump to start burning the natural gas as fuel. As the mechanic (IP) opened the main ball valve, both employees heard a loud pop noise. The top of the low-pressure regulator (VDR) broke away from its base and struck the mechanic in the head above his right eye causing a laceration. The top of the VDR is made of aluminum and weighs approximately 1lb/~454g. The IP was evaluated at a local emergency room, and the IP received 8 sutures to close the laceration. | WHAT WENT WRONG: • No administrative controls to perform LOTO on the pump for this task. • Worker was new to position (little over 3 months) and never worked on gas train. • Safeguard was not in place and caused the system to be over pressured at 115psi. The OEM rating is 5 psi. | CAUSAL FACTORS: PEOPLE (ACTS): Following Procedures: Improper position (in the line of fire) PEOPLE (ACTS): Use of Tools, Equipment, Materials and Products: Servicing of energized equipment/inadequate energy isolation PROCESS (CONDITIONS): Protective Systems: Inadequate/defective guards or protective barriers"
IOGP-HPE-2025-074,IOGP Safety performance indicators – 2025 data: High potential event reports,High Potential Event (HPE),1,Source document is an IOGP High Potential Event report,08 Apr 2025,USA,Production,Dropped objects,"Lifting, crane, rigging, deck operations",Safe mechanical lifting,Line of fire,"IP contacted by 2 3/8"" joint of pipe.","The team finished wireline work of setting a cast iron bridge plug, pressure tested well, ND frac valve and NU BOP. The crew then installed 2.875"" elevators (2.375"" and 2.875"" elevators were both on the ground) and began process of picking up a single joint of 2.375"" tubing. The tubing was almost vertical when it fell through the elevators, causing the pin end to land back in the pick-up/lay-down machine trough and the collar end to fall toward the off-operator side of the rig floor. The collar end of the tubing initially contacted the tong lifting cylinder, then ricocheted, hitting the floor hand in the lower-right shoulder before coming to rest across the handrails. Notifications were made, and the well was secured.",N/A.,PEOPLE (ACTS): Following Procedures: Improper position (in the line of fire) PEOPLE (ACTS): Following Procedures: Improper lifting or loading PROCESS (CONDITIONS): Organizational: Inadequate hazard identification or risk assessment,"NARRATIVE: IP contacted by 2 3/8"" joint of pipe. | WHAT WENT WRONG: The team finished wireline work of setting a cast iron bridge plug, pressure tested well, ND frac valve and NU BOP. The crew then installed 2.875"" elevators (2.375"" and 2.875"" elevators were both on the ground) and began process of picking up a single joint of 2.375"" tubing. The tubing was almost vertical when it fell through the elevators, causing the pin end to land back in the pick-up/lay-down machine trough and the collar end to fall toward the off-operator side of the rig floor. The collar end of the tubing initially contacted the tong lifting cylinder, then ricocheted, hitting the floor hand in the lower-right shoulder before coming to rest across the handrails. Notifications were made, and the well was secured. | CAUSAL FACTORS: PEOPLE (ACTS): Following Procedures: Improper position (in the line of fire) PEOPLE (ACTS): Following Procedures: Improper lifting or loading PROCESS (CONDITIONS): Organizational: Inadequate hazard identification or risk assessment"
IOGP-HPE-2025-075,IOGP Safety performance indicators – 2025 data: High potential event reports,High Potential Event (HPE),1,Source document is an IOGP High Potential Event report,01 Aug 2025,USA,Production,"Explosion, fire or burns","Construction, commissioning, decommissioning",Work authorization,Confined space,A flash fire occurred during the demolition of internal components in the first-stage knockout drum (module C2) at the facility. NORTH AMERICA ONSHORE 70,Work performed under confined space entry and hot work permits occurred more than 2 hours after permits were initially issued and was not revalidated prior to beginning work.,All permits must be revalidated if work is not started within a maximum of 2 hours of issue or if there is a break in the work of 2 hours or more. Makes necessary tests for flammable and/or other hazardous conditions immediately prior to the start of hot work or when work is suspended for more than 2 hours.,"PEOPLE (ACTS): Following Procedures: Deviation unintentional (by individual or group) PROCESS (CONDITIONS): Tools, Equipment, Materials and Products: Inadequate design/specification/management of change PROCESS (CONDITIONS): Tools, Equipment, Materials and Products: Inadequate maintenance/inspection/testing PROCESS (CONDITIONS): Work Place Hazards: Hazardous atmosphere (explosive/toxic/asphyxiant) PROCESS (CONDITIONS): Organizational: Inadequate hazard identification or risk assessment","NARRATIVE: A flash fire occurred during the demolition of internal components in the first-stage knockout drum (module C2) at the facility. NORTH AMERICA ONSHORE 70 | WHAT WENT WRONG: Work performed under confined space entry and hot work permits occurred more than 2 hours after permits were initially issued and was not revalidated prior to beginning work. | CAUSAL FACTORS: PEOPLE (ACTS): Following Procedures: Deviation unintentional (by individual or group) PROCESS (CONDITIONS): Tools, Equipment, Materials and Products: Inadequate design/specification/management of change PROCESS (CONDITIONS): Tools, Equipment, Materials and Products: Inadequate maintenance/inspection/testing PROCESS (CONDITIONS): Work Place Hazards: Hazardous atmosphere (explosive/toxic/asphyxiant) PROCESS (CONDITIONS): Organizational: Inadequate hazard identification or risk assessment"
IOGP-HPE-2025-076,IOGP Safety performance indicators – 2025 data: High potential event reports,High Potential Event (HPE),1,Source document is an IOGP High Potential Event report,24 Oct 2025,USA,Unspecified,Dropped objects,"Drilling, workover, well operations",Work authorization,Line of fire,"While releasing the tubing hanger, after a BOP test, unknown pressure had built up below the tubing hanger assembly causing it to lift up out of the BOP stack and fall to the ground.",Fail to verify zero pressure below hanger before backing out the hanger locking pins.,Company procedures will designate a Hold Point prior to backing out pins.,"PEOPLE (ACTS): Following Procedures: Deviation unintentional (by individual or group) PEOPLE (ACTS): Following Procedures: Improper position (in the line of fire) PEOPLE (ACTS): Use of Tools, Equipment, Materials and Products: Servicing of energized equipment/inadequate energy isolation PROCESS (CONDITIONS): Organizational: Inadequate work standards/procedures PROCESS (CONDITIONS): Organizational: Inadequate hazard identification or risk assessment NORTH AMERICA ONSHORE 71","NARRATIVE: While releasing the tubing hanger, after a BOP test, unknown pressure had built up below the tubing hanger assembly causing it to lift up out of the BOP stack and fall to the ground. | WHAT WENT WRONG: Fail to verify zero pressure below hanger before backing out the hanger locking pins. | CAUSAL FACTORS: PEOPLE (ACTS): Following Procedures: Deviation unintentional (by individual or group) PEOPLE (ACTS): Following Procedures: Improper position (in the line of fire) PEOPLE (ACTS): Use of Tools, Equipment, Materials and Products: Servicing of energized equipment/inadequate energy isolation PROCESS (CONDITIONS): Organizational: Inadequate work standards/procedures PROCESS (CONDITIONS): Organizational: Inadequate hazard identification or risk assessment NORTH AMERICA ONSHORE 71"
IOGP-HPE-2025-077,IOGP Safety performance indicators – 2025 data: High potential event reports,High Potential Event (HPE),1,Source document is an IOGP High Potential Event report,13 Aug 2025,USA,Unspecified,Struck by (not dropped object),"Drilling, workover, well operations",Energy isolation,Line of fire,"While changing out tong heads during an ESP install, the IP’s right arm came into contact with the actuating lever, activating the tongs. IP’s left forearm was struck by the rotation of the tongs.",PTO was not disengaged before starting to change tubing head.,"• Contractor to update policy on verification for ""Zero Energy"". • Contractor to conduct verification audits. • Company to implement performance metrics/audits for related to safeguards for potential LAI work activities.","PEOPLE (ACTS): Following Procedures: Deviation intentional (by individual or group) PEOPLE (ACTS): Following Procedures: Improper position (in the line of fire) PEOPLE (ACTS): Use of Tools, Equipment, Materials and Products: Servicing of energized equipment/inadequate energy isolation PROCESS (CONDITIONS): Organizational: Inadequate work standards/procedures PROCESS (CONDITIONS): Organizational: Inadequate hazard identification or risk assessment NORTH AMERICA ONSHORE 72","NARRATIVE: While changing out tong heads during an ESP install, the IP’s right arm came into contact with the actuating lever, activating the tongs. IP’s left forearm was struck by the rotation of the tongs. | WHAT WENT WRONG: PTO was not disengaged before starting to change tubing head. | CAUSAL FACTORS: PEOPLE (ACTS): Following Procedures: Deviation intentional (by individual or group) PEOPLE (ACTS): Following Procedures: Improper position (in the line of fire) PEOPLE (ACTS): Use of Tools, Equipment, Materials and Products: Servicing of energized equipment/inadequate energy isolation PROCESS (CONDITIONS): Organizational: Inadequate work standards/procedures PROCESS (CONDITIONS): Organizational: Inadequate hazard identification or risk assessment NORTH AMERICA ONSHORE 72"
IOGP-HPE-2025-078,IOGP Safety performance indicators – 2025 data: High potential event reports,High Potential Event (HPE),1,Source document is an IOGP High Potential Event report,14 Oct 2025,USA,Drilling,Falls from height,"Lifting, crane, rigging, deck operations",Working at height,Line of fire,"A worker fell approximately 16 feet from an aerial work platform onto a Christmas tree cart. The incident occurred while the worker was using a rope tied to the basket to pull an umbilical and create slack for a storm loop. The rope failed under tension, releasing stored energy that transferred to the basket. This sudden release caused the basket to jolt, ejecting the worker.","The task was executed outside equipment design intent, with a man-riding work basket simultaneously used to pull a load, creating uncontrolled stored energy and disabling effective engineered safeguards. The activity was not recognised or managed as a lifting operation, resulting in inadequate planning, inappropriate equipment selection, and exposure of a person to the line of fire when the rope failed. These failures were reinforced by unclear procedures, fragmented task briefings, and ineffective supervision, allowing unsafe deviations to become normalised.","1. Inspection and maintenance for man-riding and lifting equipment must meet or exceed manufacturer requirements, particularly under heavy or harsh operating conditions. Inspection scope, frequency, and competency should scale with equipment usage and environmental exposure—not minimum internal checklists. 2. Checklist effectiveness depends as much on quality, compliance, and competency as the checklist itself. Poor design, superficial completion, or unclear roles can create false assurance and allow serious hazards to persist. 3. Safe operation of critical equipment requires clear, shared accountability across suppliers, contractors, and asset owners. Pre-mobilization checks, acceptance inspections, condition monitoring, and post-event inspections must be treated as mandatory control points throughout the equipment lifecycle—not administrative steps.","PEOPLE (ACTS): Following Procedures: Deviation intentional (by individual or group) PEOPLE (ACTS): Following Procedures: Improper position (in the line of fire) PEOPLE (ACTS): Following Procedures: Improper lifting or loading PEOPLE (ACTS): Use of Tools, Equipment, Materials and Products: Improper use/position of tools/equipment/ materials/products PEOPLE (ACTS): Use of Protective Methods: Inadequate use of safety systems PROCESS (CONDITIONS): Tools, Equipment, Materials and Products: Inadequate maintenance/inspection/testing PROCESS (CONDITIONS): Organizational: Inadequate work standards/procedures PROCESS (CONDITIONS): Organizational: Inadequate hazard identification or risk assessment PROCESS (CONDITIONS): Organizational: Inadequate communication PROCESS (CONDITIONS): Organizational: Inadequate supervision PROCESS (CONDITIONS): Organizational: Poor leadership/organizational culture NORTH AMERICA OFFSHORE 73","NARRATIVE: A worker fell approximately 16 feet from an aerial work platform onto a Christmas tree cart. The incident occurred while the worker was using a rope tied to the basket to pull an umbilical and create slack for a storm loop. The rope failed under tension, releasing stored energy that transferred to the basket. This sudden release caused the basket to jolt, ejecting the worker. | WHAT WENT WRONG: The task was executed outside equipment design intent, with a man-riding work basket simultaneously used to pull a load, creating uncontrolled stored energy and disabling effective engineered safeguards. The activity was not recognised or managed as a lifting operation, resulting in inadequate planning, inappropriate equipment selection, and exposure of a person to the line of fire when the rope failed. These failures were reinforced by unclear procedures, fragmented task briefings, and ineffective supervision, allowing unsafe deviations to become normalised. | CAUSAL FACTORS: PEOPLE (ACTS): Following Procedures: Deviation intentional (by individual or group) PEOPLE (ACTS): Following Procedures: Improper position (in the line of fire) PEOPLE (ACTS): Following Procedures: Improper lifting or loading PEOPLE (ACTS): Use of Tools, Equipment, Materials and Products: Improper use/position of tools/equipment/ materials/products PEOPLE (ACTS): Use of Protective Methods: Inadequate use of safety systems PROCESS (CONDITIONS): Tools, Equipment, Materials and Products: Inadequate maintenance/inspection/testing PROCESS (CONDITIONS): Organizational: Inadequate work standards/procedures PROCESS (CONDITIONS): Organizational: Inadequate hazard identification or risk assessment PROCESS (CONDITIONS): Organizational: Inadequate communication PROCESS (CONDITIONS): Organizational: Inadequate supervision PROCESS (CONDITIONS): Organizational: Poor leadership/organizational culture NORTH AMERICA OFFSHORE 73"
IOGP-HPE-2025-079,IOGP Safety performance indicators – 2025 data: High potential event reports,High Potential Event (HPE),1,Source document is an IOGP High Potential Event report,05 Aug 2025,USA,Production,Exposure electrical,"Maintenance, inspection, testing",Energy isolation,Line of fire,"While adjusting the ultra-high-pressure water blasting equipment in close proximity to normally energized cable trays, in three separate instances, two workers reported experiencing electrical shock sensations upon contacting the cable trays.","During the post event inspection, it was identified that marine shipboard cable (480V emergency generator power supply) was found to be slightly damaged. Insufficient identification of risk or controls identified when walking on / working from cable tray systems within permit to work. Not stopping the job after the first or second shock events and sending person back to area with known hazard source that resulted in third shock event.","Avoid walking/standing on cables in cable trays, consider alternative methods of accessing areas cluttered by cable trays or alternative protection methods. Consider all hazard sources in the area when selecting the method of fabric maintenance. When developing work at height rescue plan ensure to review other potential hazards (electrical).","PEOPLE (ACTS): Following Procedures: Improper position (in the line of fire) PROCESS (CONDITIONS): Tools, Equipment, Materials and Products: Inadequate/defective tools/equipment/ materials/products PROCESS (CONDITIONS): Organizational: Inadequate work standards/procedures PROCESS (CONDITIONS): Organizational: Inadequate hazard identification or risk assessment PROCESS (CONDITIONS): Organizational: Poor leadership/organizational culture PROCESS (CONDITIONS): Organizational: Failure to report/learn from events NORTH AMERICA OFFSHORE 74","NARRATIVE: While adjusting the ultra-high-pressure water blasting equipment in close proximity to normally energized cable trays, in three separate instances, two workers reported experiencing electrical shock sensations upon contacting the cable trays. | WHAT WENT WRONG: During the post event inspection, it was identified that marine shipboard cable (480V emergency generator power supply) was found to be slightly damaged. Insufficient identification of risk or controls identified when walking on / working from cable tray systems within permit to work. Not stopping the job after the first or second shock events and sending person back to area with known hazard source that resulted in third shock event. | CAUSAL FACTORS: PEOPLE (ACTS): Following Procedures: Improper position (in the line of fire) PROCESS (CONDITIONS): Tools, Equipment, Materials and Products: Inadequate/defective tools/equipment/ materials/products PROCESS (CONDITIONS): Organizational: Inadequate work standards/procedures PROCESS (CONDITIONS): Organizational: Inadequate hazard identification or risk assessment PROCESS (CONDITIONS): Organizational: Poor leadership/organizational culture PROCESS (CONDITIONS): Organizational: Failure to report/learn from events NORTH AMERICA OFFSHORE 74"
IOGP-HPE-2025-080,IOGP Safety performance indicators – 2025 data: High potential event reports,High Potential Event (HPE),1,Source document is an IOGP High Potential Event report,21 Apr 2025,Azerbaijan,Drilling,"Caught in, under or between (excl. dropped objects)","Office, warehouse, accommodation, catering",Line of fire,Bypassing safety controls,"Following heavy rainfall, landslide occurred in the area behind the ten wagon-type cabins (accommodation, canteen, washing, changing, and rest facilities) located at the oil well site. A ground instability and multiple surface cracks were identified in the surrounding area. Personnel were immediately informed of the hazardous ground conditions and instructed to remain vigilant and exercise caution. As a preventive control measure, the wagon-type units were relocated to a safer area to eliminate the risk of impact from further ground movement.",• Inadequate assessment of ground stability. • Insufficient drainage and erosion control measures. • Lack of preventive geotechnical monitoring. • Temporary facilities positioned in potentially hazardous zone.,"• A geotechnical assessment should be conducted before positioning cabins, especially in areas prone to heavy rainfall, slopes, or loose soil conditions. • Effective surface water drainage and erosion control measures must be implemented to prevent water accumulation and soil weakening. • Surface cracks and minor soil movement must be treated as serious warning indicators. A formal inspection and reporting system should be established for ground condition monitoring. • Heavy rainfall scenarios should be included in site risk assessments, particularly for temporary infrastructure.",PEOPLE (ACTS): Following Procedures: Improper position (in the line of fire) PROCESS (CONDITIONS): Work Place Hazards: Storms or acts of nature PROCESS (CONDITIONS): Organizational: Inadequate hazard identification or risk assessment RUSSIA & CENTRAL ASIA ONSHORE 75,"NARRATIVE: Following heavy rainfall, landslide occurred in the area behind the ten wagon-type cabins (accommodation, canteen, washing, changing, and rest facilities) located at the oil well site. A ground instability and multiple surface cracks were identified in the surrounding area. Personnel were immediately informed of the hazardous ground conditions and instructed to remain vigilant and exercise caution. As a preventive control measure, the wagon-type units were relocated to a safer area to eliminate the risk of impact from further ground movement. | WHAT WENT WRONG: • Inadequate assessment of ground stability. • Insufficient drainage and erosion control measures. • Lack of preventive geotechnical monitoring. • Temporary facilities positioned in potentially hazardous zone. | CAUSAL FACTORS: PEOPLE (ACTS): Following Procedures: Improper position (in the line of fire) PROCESS (CONDITIONS): Work Place Hazards: Storms or acts of nature PROCESS (CONDITIONS): Organizational: Inadequate hazard identification or risk assessment RUSSIA & CENTRAL ASIA ONSHORE 75"
IOGP-HPE-2025-081,IOGP Safety performance indicators – 2025 data: High potential event reports,High Potential Event (HPE),1,Source document is an IOGP High Potential Event report,13 Jul 2025,Kazakhstan,Production,"Exposure noise, chemical, biological, vibration, extreme temperature","Maintenance, inspection, testing",Energy isolation,Line of fire,"Contractor personnel were performing a scheduled calibration of a flow meter in accordance with the preventive maintenance plan. During the calibration process, the technician initiated pressure stabilization by draining fluid through the designated drainage line. To enhance the drainage process, the technician also opted to use an additional line and proceeded to remove the plug at the end of that line. Upon removal of the plug, an uncontrolled release of oil containing H2S occurred. Work was stopped immediately. Workers H2S detectors activated, donned respirators and evacuated the area.","The Maintenance Procedure requirement was not followed as Contractor's training was less than adequate for personnel regarding the instrumentation piping schemes, and instrument connection diagrams.","Maintenance Contractors are required to implement training or an annual knowledge assessment, with periodic participation of Company Maintenance representatives, specifically focused on instrumentation piping and hookup diagrams on Company equipment in accordance with Company Maintenance procedures.","PEOPLE (ACTS): Following Procedures: Improper position (in the line of fire) PEOPLE (ACTS): Use of Tools, Equipment, Materials and Products: Improper use/position of tools/equipment/ materials/products PEOPLE (ACTS): Use of Tools, Equipment, Materials and Products: Servicing of energized equipment/inadequate energy isolation PROCESS (CONDITIONS): Organizational: Inadequate training/competence PROCESS (CONDITIONS): Organizational: Inadequate hazard identification or risk assessment RUSSIA & CENTRAL ASIA ONSHORE 76","NARRATIVE: Contractor personnel were performing a scheduled calibration of a flow meter in accordance with the preventive maintenance plan. During the calibration process, the technician initiated pressure stabilization by draining fluid through the designated drainage line. To enhance the drainage process, the technician also opted to use an additional line and proceeded to remove the plug at the end of that line. Upon removal of the plug, an uncontrolled release of oil containing H2S occurred. Work was stopped immediately. Workers H2S detectors activated, donned respirators and evacuated the area. | WHAT WENT WRONG: The Maintenance Procedure requirement was not followed as Contractor's training was less than adequate for personnel regarding the instrumentation piping schemes, and instrument connection diagrams. | CAUSAL FACTORS: PEOPLE (ACTS): Following Procedures: Improper position (in the line of fire) PEOPLE (ACTS): Use of Tools, Equipment, Materials and Products: Improper use/position of tools/equipment/ materials/products PEOPLE (ACTS): Use of Tools, Equipment, Materials and Products: Servicing of energized equipment/inadequate energy isolation PROCESS (CONDITIONS): Organizational: Inadequate training/competence PROCESS (CONDITIONS): Organizational: Inadequate hazard identification or risk assessment RUSSIA & CENTRAL ASIA ONSHORE 76"
IOGP-HPE-2025-082,IOGP Safety performance indicators – 2025 data: High potential event reports,High Potential Event (HPE),1,Source document is an IOGP High Potential Event report,01 Aug 2025,Azerbaijan,Drilling,Dropped objects,"Lifting, crane, rigging, deck operations",Safe mechanical lifting,Line of fire,"A dropped object incident occurred while lowering an overdrive with the casing joint held stationary in the elevator. The mud saver (component of overdrive) contacted top of the liner joint in the rotary, causing failure at the connection to the mandrel. The mud saver (~40 kg) fell ~14 meters to the rig floor. Two personnel were in the red zone at the time (required for the task).",Overdrive mud saver (~40kg) contacted the top of a liner joint causing a weak point failure and fell ~14m to the rig floor.,"Learning 1. Procedures for Operating Drilling Equipment: a. Do our procedures clearly specify the use of proper speed limits during high-risk operations like casing/liner running operations? Learning 2. Red Zone Management Opportunities: a. Does your Red Zone Management Procedure include a clear task level activity matrix or equivalent and include standardized two-way communication protocols for entry and exit? b. Was an Early Design Red Zone risk assessment conducted to identify equipment selection and installation opportunities that reduce Red Zone risk profile? Learning 3. Automation and Equipment Integration for managing the Red Zone: a. In Early Design Red Zone risk assessment, have you tried automation tools or equipment upgrades to make operations safer and reduce Red Zone exposure? b. Can Red Zone monitoring systems be integrated with the equipment control system to alert the operator when personnel are in a Red Zone when equipment is moving?",PEOPLE (ACTS): Following Procedures: Deviation unintentional (by individual or group) PEOPLE (ACTS): Following Procedures: Improper position (in the line of fire) PEOPLE (ACTS): Following Procedures: Work or motion at improper speed PROCESS (CONDITIONS): Organizational: Failure to report/learn from events RUSSIA & CENTRAL ASIA OFFSHORE 77,"NARRATIVE: A dropped object incident occurred while lowering an overdrive with the casing joint held stationary in the elevator. The mud saver (component of overdrive) contacted top of the liner joint in the rotary, causing failure at the connection to the mandrel. The mud saver (~40 kg) fell ~14 meters to the rig floor. Two personnel were in the red zone at the time (required for the task). | WHAT WENT WRONG: Overdrive mud saver (~40kg) contacted the top of a liner joint causing a weak point failure and fell ~14m to the rig floor. | CAUSAL FACTORS: PEOPLE (ACTS): Following Procedures: Deviation unintentional (by individual or group) PEOPLE (ACTS): Following Procedures: Improper position (in the line of fire) PEOPLE (ACTS): Following Procedures: Work or motion at improper speed PROCESS (CONDITIONS): Organizational: Failure to report/learn from events RUSSIA & CENTRAL ASIA OFFSHORE 77"
IOGP-HPE-2025-083,IOGP Safety performance indicators – 2025 data: High potential event reports,High Potential Event (HPE),1,Source document is an IOGP High Potential Event report,31 Jan 2025,Azerbaijan,Production,"Water related, drowning","Diving (incl. decompression), subsea, ROV",Bypassing safety controls,Work authorization,"During the installation of a subsea telescopic clamp on the well shaft beneath the offshore platform, the Diving Service team encountered a safety-critical situation when a support vessel unexpectedly approached the platform, despite all established safety measures being in place. The vessel’s captain was promptly contacted and informed that underwater diving operations were in progress.","• The support vessel entered the platform vicinity without maintaining the required safe distance. • Insufficient communication with vessel captain. • While all safety measures on the platform and by the diving team were followed, the control barrier against external vessel movements failed. • Reliance on reactive communication (contacting the captain after the approach) rather than proactive control allowed a near-miss. • The incident primarily resulted from lack of effective marine coordination and vessel traffic control, leading to a near-miss with potentially severe consequences for diving operations.","• Ensure all vessels operating near offshore platforms are aware of ongoing diving operations. • Strengthen coordination with support vessels and vessel traffic control to enforce exclusion zones proactively. • Establish mandatory pre-approach notifications for all vessels near the platform. • Ensure immediate and continuous communication channels between the platform, diving team, and vessel captains.",PEOPLE (ACTS): Use of Protective Methods: Failure to warn of hazard PROCESS (CONDITIONS): Organizational: Inadequate work standards/procedures PROCESS (CONDITIONS): Organizational: Inadequate hazard identification or risk assessment PROCESS (CONDITIONS): Organizational: Inadequate communication PROCESS (CONDITIONS): Organizational: Inadequate supervision RUSSIA & CENTRAL ASIA OFFSHORE 78,"NARRATIVE: During the installation of a subsea telescopic clamp on the well shaft beneath the offshore platform, the Diving Service team encountered a safety-critical situation when a support vessel unexpectedly approached the platform, despite all established safety measures being in place. The vessel’s captain was promptly contacted and informed that underwater diving operations were in progress. | WHAT WENT WRONG: • The support vessel entered the platform vicinity without maintaining the required safe distance. • Insufficient communication with vessel captain. • While all safety measures on the platform and by the diving team were followed, the control barrier against external vessel movements failed. • Reliance on reactive communication (contacting the captain after the approach) rather than proactive control allowed a near-miss. • The incident primarily resulted from lack of effective marine coordination and vessel traffic control, leading to a near-miss with potentially severe consequences for diving operations. | CAUSAL FACTORS: PEOPLE (ACTS): Use of Protective Methods: Failure to warn of hazard PROCESS (CONDITIONS): Organizational: Inadequate work standards/procedures PROCESS (CONDITIONS): Organizational: Inadequate hazard identification or risk assessment PROCESS (CONDITIONS): Organizational: Inadequate communication PROCESS (CONDITIONS): Organizational: Inadequate supervision RUSSIA & CENTRAL ASIA OFFSHORE 78"
IOGP-HPE-2025-084,IOGP Safety performance indicators – 2025 data: High potential event reports,High Potential Event (HPE),1,Source document is an IOGP High Potential Event report,14 Mar 2025,Azerbaijan,Production,"Water related, drowning","Diving (incl. decompression), subsea, ROV",Work authorization,Bypassing safety controls,"During the inspection of the 8-inch subsea oil and gas pipeline located between offshore platforms, diving operations were in progress and a scheduled descent from the diving vessel had commenced. Approximately 15 minutes after the diver entered the water, the vessel’s mechanic reported hull damage resulting in water ingress into the engine room. The diver was immediately recovered from the water, and the vessel proceeded toward the platform, where it was safely moored at the docking bridge. Following the safe disembarkation of personnel, the damaged vessel was towed to the onshore port by an assisting tugboat.",• Failure of Vessel Structural Integrity • Inadequate Pre-Operation Marine Assurance and possible gaps in seaworthiness verification of the vessel • Inadequate preventive maintenance controls • Inadequate hull condition monitoring • Inadequate pre-mobilization inspection and certification checks.,• Pre-operation marine inspections must be robust • Pre-mobilization and daily checks should include: • Hull condition verification • Corrosion and structural damage inspection • Confirmation of valid marine certification • Review of maintenance status • Inspection processes must be documented and traceable.,"PROCESS (CONDITIONS): Tools, Equipment, Materials and Products: Inadequate maintenance/inspection/testing PROCESS (CONDITIONS): Organizational: Inadequate work standards/procedures PROCESS (CONDITIONS): Organizational: Inadequate hazard identification or risk assessment PROCESS (CONDITIONS): Organizational: Inadequate supervision RUSSIA & CENTRAL ASIA OFFSHORE 79","NARRATIVE: During the inspection of the 8-inch subsea oil and gas pipeline located between offshore platforms, diving operations were in progress and a scheduled descent from the diving vessel had commenced. Approximately 15 minutes after the diver entered the water, the vessel’s mechanic reported hull damage resulting in water ingress into the engine room. The diver was immediately recovered from the water, and the vessel proceeded toward the platform, where it was safely moored at the docking bridge. Following the safe disembarkation of personnel, the damaged vessel was towed to the onshore port by an assisting tugboat. | WHAT WENT WRONG: • Failure of Vessel Structural Integrity • Inadequate Pre-Operation Marine Assurance and possible gaps in seaworthiness verification of the vessel • Inadequate preventive maintenance controls • Inadequate hull condition monitoring • Inadequate pre-mobilization inspection and certification checks. | CAUSAL FACTORS: PROCESS (CONDITIONS): Tools, Equipment, Materials and Products: Inadequate maintenance/inspection/testing PROCESS (CONDITIONS): Organizational: Inadequate work standards/procedures PROCESS (CONDITIONS): Organizational: Inadequate hazard identification or risk assessment PROCESS (CONDITIONS): Organizational: Inadequate supervision RUSSIA & CENTRAL ASIA OFFSHORE 79"
IOGP-HPE-2025-085,IOGP Safety performance indicators – 2025 data: High potential event reports,High Potential Event (HPE),1,Source document is an IOGP High Potential Event report,20 Sep 2025,Argentina,Production,Pressure release,"Maintenance, inspection, testing",Energy isolation,Line of fire,"While performing orifice change on a choke valve, the choke bean was ejected toward the operator´s position.","1. The required safety procedures and standards for the task were not applied. 2. Work instructions did not clearly indicate the manoeuvres to be performed. 3. Failed Defences - During task planning, the risk analysis was not reviewed. 4. No verification of absence of pressure was performed during the execution of the task.","1. Comply with procedures and safety standards. 2. Implement the stop the job policy and notify your supervisor. 3. Conduct a potential risk analysis of any risks present during task execution. 4. Confirm correct energy isolation, ensuring absence of pressure in the installations.","PEOPLE (ACTS): Following Procedures: Deviation intentional (by individual or group) PEOPLE (ACTS): Following Procedures: Improper position (in the line of fire) PEOPLE (ACTS): Use of Tools, Equipment, Materials and Products: Servicing of energized equipment/inadequate energy isolation PEOPLE (ACTS): Inattention/Lack of Awareness: Improper decision making or lack of judgment PROCESS (CONDITIONS): Organizational: Inadequate work standards/procedures PROCESS (CONDITIONS): Organizational: Inadequate hazard identification or risk assessment SOUTH & CENTRAL AMERICA ONSHORE 80","NARRATIVE: While performing orifice change on a choke valve, the choke bean was ejected toward the operator´s position. | WHAT WENT WRONG: 1. The required safety procedures and standards for the task were not applied. 2. Work instructions did not clearly indicate the manoeuvres to be performed. 3. Failed Defences - During task planning, the risk analysis was not reviewed. 4. No verification of absence of pressure was performed during the execution of the task. | CAUSAL FACTORS: PEOPLE (ACTS): Following Procedures: Deviation intentional (by individual or group) PEOPLE (ACTS): Following Procedures: Improper position (in the line of fire) PEOPLE (ACTS): Use of Tools, Equipment, Materials and Products: Servicing of energized equipment/inadequate energy isolation PEOPLE (ACTS): Inattention/Lack of Awareness: Improper decision making or lack of judgment PROCESS (CONDITIONS): Organizational: Inadequate work standards/procedures PROCESS (CONDITIONS): Organizational: Inadequate hazard identification or risk assessment SOUTH & CENTRAL AMERICA ONSHORE 80"
IOGP-HPE-2025-086,IOGP Safety performance indicators – 2025 data: High potential event reports,High Potential Event (HPE),1,Source document is an IOGP High Potential Event report,27 Apr 2025,Argentina,Construction,Dropped objects,"Lifting, crane, rigging, deck operations",Safe mechanical lifting,Line of fire,"Contractor personnel were working on the installation of a 12-inch spool at ground level, while it was being held in a lifting operation. For causes yet to be determined, an actuated valve (SDV) located near the installation area - resting vertically on the ground and not involved in the lifting operation - lost its vertical stability and fell, resulting in a person being crushed between the valve and the skid structure.","The injured person released the rigging that was securing the SDV valve. After the rigging was removed, the injured person remained in the line of fire.","Comply with the Planning Cycle, with a focus on scheduling work based on available resources (time, personnel, competencies, and equipment). Consistently ensure competencies (knowledge, skills, and psycho-physical fitness) aligned with each role within the Work Control System and the Technical Practices, Procedures, and Regulations associated with the activity. Promote the execution of activities with a strong sense of vulnerability, full awareness, and sound judgment, and empower personnel to feel authorized to stop any activity they consider unsafe, as the last barrier to prevent Undesired Events.",PEOPLE (ACTS): Following Procedures: Deviation unintentional (by individual or group) PEOPLE (ACTS): Following Procedures: Improper position (in the line of fire) PEOPLE (ACTS): Use of Protective Methods: Equipment or materials not secured PEOPLE (ACTS): Inattention/Lack of Awareness: Improper decision making or lack of judgment PROCESS (CONDITIONS): Organizational: Inadequate training/competence SOUTH & CENTRAL AMERICA ONSHORE 81,"NARRATIVE: Contractor personnel were working on the installation of a 12-inch spool at ground level, while it was being held in a lifting operation. For causes yet to be determined, an actuated valve (SDV) located near the installation area - resting vertically on the ground and not involved in the lifting operation - lost its vertical stability and fell, resulting in a person being crushed between the valve and the skid structure. | WHAT WENT WRONG: The injured person released the rigging that was securing the SDV valve. After the rigging was removed, the injured person remained in the line of fire. | CAUSAL FACTORS: PEOPLE (ACTS): Following Procedures: Deviation unintentional (by individual or group) PEOPLE (ACTS): Following Procedures: Improper position (in the line of fire) PEOPLE (ACTS): Use of Protective Methods: Equipment or materials not secured PEOPLE (ACTS): Inattention/Lack of Awareness: Improper decision making or lack of judgment PROCESS (CONDITIONS): Organizational: Inadequate training/competence SOUTH & CENTRAL AMERICA ONSHORE 81"
IOGP-HPE-2025-087,IOGP Safety performance indicators – 2025 data: High potential event reports,High Potential Event (HPE),1,Source document is an IOGP High Potential Event report,23 May 2025,Argentina,Construction,Struck by (not dropped object),Transport - Land,Driving,Line of fire,"Crew shuttle collision during a braking manoeuvre, the shuttle initially collided with the vehicle in front, then crossed into the oncoming lane and was struck on the right side by a semi-trailer truck traveling in the opposite direction.",1. The driver did not slow down to maintain a safe following distance. 2. The contractor company has not defined a designated rest area or conditions for the drivers; they rest in the vehicles. 3. The unit's Active Brake Assist system was not operational.,"1. Incorporate into the mobility plan the tables of maximum permitted speeds and rest rules. 2. Install a sleeping trailer to ensure adequate rest conditions for contractor drivers on site. 3. Define the necessary active safety standards in personnel transport units, including new technologies (ADAS).",PEOPLE (ACTS): Following Procedures: Deviation unintentional (by individual or group) PEOPLE (ACTS): Following Procedures: Improper position (in the line of fire) PEOPLE (ACTS): Following Procedures: Work or motion at improper speed PEOPLE (ACTS): Use of Protective Methods: Inadequate use of safety systems PEOPLE (ACTS): Inattention/Lack of Awareness: Improper decision making or lack of judgment,"NARRATIVE: Crew shuttle collision during a braking manoeuvre, the shuttle initially collided with the vehicle in front, then crossed into the oncoming lane and was struck on the right side by a semi-trailer truck traveling in the opposite direction. | WHAT WENT WRONG: 1. The driver did not slow down to maintain a safe following distance. 2. The contractor company has not defined a designated rest area or conditions for the drivers; they rest in the vehicles. 3. The unit's Active Brake Assist system was not operational. | CAUSAL FACTORS: PEOPLE (ACTS): Following Procedures: Deviation unintentional (by individual or group) PEOPLE (ACTS): Following Procedures: Improper position (in the line of fire) PEOPLE (ACTS): Following Procedures: Work or motion at improper speed PEOPLE (ACTS): Use of Protective Methods: Inadequate use of safety systems PEOPLE (ACTS): Inattention/Lack of Awareness: Improper decision making or lack of judgment"
IOGP-HPE-2025-088,IOGP Safety performance indicators – 2025 data: High potential event reports,High Potential Event (HPE),1,Source document is an IOGP High Potential Event report,16 Feb 2025,Brazil,Drilling,Struck by (not dropped object),Transport - Land,Driving,Line of fire,"During the movement of the workover rig truck from one well to another, the rear tyre on one of the truck’s axles completely detached, resulting in an impact with the injection line of a well, with no visible damage. SOUTH & CENTRAL AMERICA ONSHORE 82",Detaching of a truck tyre.,Review the maintenance plan to ensure actions that guarantee the compliance of all wheel hub components.,"PEOPLE (ACTS): Following Procedures: Improper position (in the line of fire) PEOPLE (ACTS): Use of Protective Methods: Equipment or materials not secured PROCESS (CONDITIONS): Tools, Equipment, Materials and Products: Inadequate/defective tools/equipment/ materials/products PROCESS (CONDITIONS): Tools, Equipment, Materials and Products: Inadequate maintenance/inspection/testing","NARRATIVE: During the movement of the workover rig truck from one well to another, the rear tyre on one of the truck’s axles completely detached, resulting in an impact with the injection line of a well, with no visible damage. SOUTH & CENTRAL AMERICA ONSHORE 82 | WHAT WENT WRONG: Detaching of a truck tyre. | CAUSAL FACTORS: PEOPLE (ACTS): Following Procedures: Improper position (in the line of fire) PEOPLE (ACTS): Use of Protective Methods: Equipment or materials not secured PROCESS (CONDITIONS): Tools, Equipment, Materials and Products: Inadequate/defective tools/equipment/ materials/products PROCESS (CONDITIONS): Tools, Equipment, Materials and Products: Inadequate maintenance/inspection/testing"
IOGP-HPE-2025-089,IOGP Safety performance indicators – 2025 data: High potential event reports,High Potential Event (HPE),1,Source document is an IOGP High Potential Event report,14 Oct 2025,Brazil,Construction,Dropped objects,"Construction, commissioning, decommissioning",Line of fire,Working at height,"During the dismantling of scaffolding in a 45° angular configuration, assembler 01 had to apply excessive force to loosen a remaining clamp (exposed to the weather) using a ratchet wrench, causing the bolt to shear and subsequently break. With the sudden opening of the clamp, the tube (3.65 kg) slipped from his left hand, fell, and slid along the structure, traveling a lateral distance of approximately 4.5 meters, striking the back of assembler 04s helmet on the lower level, resulting in a superficial cut to the scalp.",Fall of a scaffolding tube.,"Be aware of the risks associated with changes. Only carry out any change involving people, facilities, materials, or procedures after proper analysis and authorization.","PEOPLE (ACTS): Following Procedures: Improper position (in the line of fire) PEOPLE (ACTS): Use of Protective Methods: Equipment or materials not secured PROCESS (CONDITIONS): Tools, Equipment, Materials and Products: Inadequate maintenance/inspection/testing PROCESS (CONDITIONS): Organizational: Inadequate hazard identification or risk assessment SOUTH & CENTRAL AMERICA ONSHORE 83","NARRATIVE: During the dismantling of scaffolding in a 45° angular configuration, assembler 01 had to apply excessive force to loosen a remaining clamp (exposed to the weather) using a ratchet wrench, causing the bolt to shear and subsequently break. With the sudden opening of the clamp, the tube (3.65 kg) slipped from his left hand, fell, and slid along the structure, traveling a lateral distance of approximately 4.5 meters, striking the back of assembler 04s helmet on the lower level, resulting in a superficial cut to the scalp. | WHAT WENT WRONG: Fall of a scaffolding tube. | CAUSAL FACTORS: PEOPLE (ACTS): Following Procedures: Improper position (in the line of fire) PEOPLE (ACTS): Use of Protective Methods: Equipment or materials not secured PROCESS (CONDITIONS): Tools, Equipment, Materials and Products: Inadequate maintenance/inspection/testing PROCESS (CONDITIONS): Organizational: Inadequate hazard identification or risk assessment SOUTH & CENTRAL AMERICA ONSHORE 83"
IOGP-HPE-2025-090,IOGP Safety performance indicators – 2025 data: High potential event reports,High Potential Event (HPE),1,Source document is an IOGP High Potential Event report,21 Mar 2025,Ecuador,Production,Falls from height,"Lifting, crane, rigging, deck operations",Safe mechanical lifting,Working at height,"During maintenance work at a Generation Unit, the mechanical technician suffered a fall from height, falling to a lower level from the engine access platform.","During corrective maintenance work on turbochargers and the replacement of cylinder head at Generation Unit, the mechanic suffered a fall to a lower level (3.30 m), falling from the engine access platform to the shelter floor.","Ensure that procedures or work instructions clearly include the step-by-step sequence of the activity to be performed. The Job Safety Analysis (JSA) must identify all hazards inherent to the activity. Let us reinforce risk analysis for critical activities (falls to a lower level). Combat the normalization of deviations. Do not take shortcuts when performing tasks; always comply with established procedures. Take control and apply the Stop Work Policy whenever you identify an unsafe condition: stop, correct, and then continue.",PEOPLE (ACTS): Following Procedures: Deviation unintentional (by individual or group) PROCESS (CONDITIONS): Organizational: Inadequate work standards/procedures PROCESS (CONDITIONS): Organizational: Inadequate hazard identification or risk assessment SOUTH & CENTRAL AMERICA ONSHORE 84,"NARRATIVE: During maintenance work at a Generation Unit, the mechanical technician suffered a fall from height, falling to a lower level from the engine access platform. | WHAT WENT WRONG: During corrective maintenance work on turbochargers and the replacement of cylinder head at Generation Unit, the mechanic suffered a fall to a lower level (3.30 m), falling from the engine access platform to the shelter floor. | CAUSAL FACTORS: PEOPLE (ACTS): Following Procedures: Deviation unintentional (by individual or group) PROCESS (CONDITIONS): Organizational: Inadequate work standards/procedures PROCESS (CONDITIONS): Organizational: Inadequate hazard identification or risk assessment SOUTH & CENTRAL AMERICA ONSHORE 84"
IOGP-HPE-2025-091,IOGP Safety performance indicators – 2025 data: High potential event reports,High Potential Event (HPE),1,Source document is an IOGP High Potential Event report,31 Oct 2025,Peru,Construction,"Explosion, fire or burns","Construction, commissioning, decommissioning",Line of fire,Hot work,"During the heating of an 18-inch pipe to remove the coating, the worker placed the torch at the entrance of the 18- inch pipe. When attempting to light the torch with a manual spark igniter, a flammable atmosphere was created, causing a flash fire that resulted in first and second-degree burns to the worker's face after being hit sideways by a flash fire in the manufacturing workshop area.","• The torch was not in optimal condition (the built-in/manual spark igniter did not work properly). • Low perception of risk when lighting a torch in a closed environment. • Incorrect Work Permit (PTW), classified the activity as “cold work” when in fact it involved “high-energy hot work” with the generation of ignition sources.","• Emphasize the responsibilities of workers with roles in the PTW system in the event of serious or fatal workplace accidents involving their own workers or contractors. • Conduct an awareness campaign (including contractors) on inspection, reporting, and replacement of tools and equipment in poor condition (homemade or artisanal tools) before the end of the year.","PEOPLE (ACTS): Following Procedures: Improper position (in the line of fire) PROCESS (CONDITIONS): Tools, Equipment, Materials and Products: Inadequate design/specification/management of change PROCESS (CONDITIONS): Tools, Equipment, Materials and Products: Inadequate/defective tools/equipment/ materials/products PROCESS (CONDITIONS): Work Place Hazards: Hazardous atmosphere (explosive/toxic/asphyxiant) SOUTH & CENTRAL AMERICA ONSHORE 85","NARRATIVE: During the heating of an 18-inch pipe to remove the coating, the worker placed the torch at the entrance of the 18- inch pipe. When attempting to light the torch with a manual spark igniter, a flammable atmosphere was created, causing a flash fire that resulted in first and second-degree burns to the worker's face after being hit sideways by a flash fire in the manufacturing workshop area. | WHAT WENT WRONG: • The torch was not in optimal condition (the built-in/manual spark igniter did not work properly). • Low perception of risk when lighting a torch in a closed environment. • Incorrect Work Permit (PTW), classified the activity as “cold work” when in fact it involved “high-energy hot work” with the generation of ignition sources. | CAUSAL FACTORS: PEOPLE (ACTS): Following Procedures: Improper position (in the line of fire) PROCESS (CONDITIONS): Tools, Equipment, Materials and Products: Inadequate design/specification/management of change PROCESS (CONDITIONS): Tools, Equipment, Materials and Products: Inadequate/defective tools/equipment/ materials/products PROCESS (CONDITIONS): Work Place Hazards: Hazardous atmosphere (explosive/toxic/asphyxiant) SOUTH & CENTRAL AMERICA ONSHORE 85"
IOGP-HPE-2025-092,IOGP Safety performance indicators – 2025 data: High potential event reports,High Potential Event (HPE),1,Source document is an IOGP High Potential Event report,04 Feb 2025,Brazil,Drilling,Dropped objects,"Drilling, workover, well operations",Line of fire,Work authorization,"During production tubing running operations on the drilling rig, four metallic components fell from height while using the catline system. • Objects dropped from approximately 40 m height • 2 × 1.8 kg (≈ 706 J each) • 2 × 10.4 kg (≈ 4,076 J each) The falling energy was sufficient to cause a fatality. No injuries occurred, but this qualifies as a High Potential Event (HIPO) due to the severe dropped-object energy.","• Catline anchoring point and installation were modified from the original design without engineering review. • Assembly was improperly installed and inadequately supported (misaligned rods/spacers, gaps in fittings). • Refurbished and reused components were not integrity tested; the installed system was not certified to required load capacity. • No Management of Change (MOC), risk assessment, or formal operator approval for the modification. • PTW/JSA did not address the installation change or dropped-object risk. • Poor communication and oversight between operator and contractor; no operator supervision of the work.","• Treat any change to lifting/hoisting equipment or anchoring as a design change requiring MOC, risk assessment, and operator approval. • Certification must cover the complete installed system, not only individual components, and must meet operational load requirements. • Verify integrity of reused or refurbished parts before use. • Ensure PTW/JSA reflects actual installation and hazards. • Clearly define contractor–operator responsibilities and provide supervision for safety-critical work. • Conduct formal dropped-object inspections after maintenance or modification to derrick equipment.","PEOPLE (ACTS): Following Procedures: Improper position (in the line of fire) PEOPLE (ACTS): Use of Protective Methods: Equipment or materials not secured PROCESS (CONDITIONS): Tools, Equipment, Materials and Products: Inadequate design/specification/management of change PROCESS (CONDITIONS): Tools, Equipment, Materials and Products: Inadequate maintenance/inspection/testing PROCESS (CONDITIONS): Organizational: Inadequate hazard identification or risk assessment PROCESS (CONDITIONS): Organizational: Inadequate supervision SOUTH & CENTRAL AMERICA OFFSHORE 86","NARRATIVE: During production tubing running operations on the drilling rig, four metallic components fell from height while using the catline system. • Objects dropped from approximately 40 m height • 2 × 1.8 kg (≈ 706 J each) • 2 × 10.4 kg (≈ 4,076 J each) The falling energy was sufficient to cause a fatality. No injuries occurred, but this qualifies as a High Potential Event (HIPO) due to the severe dropped-object energy. | WHAT WENT WRONG: • Catline anchoring point and installation were modified from the original design without engineering review. • Assembly was improperly installed and inadequately supported (misaligned rods/spacers, gaps in fittings). • Refurbished and reused components were not integrity tested; the installed system was not certified to required load capacity. • No Management of Change (MOC), risk assessment, or formal operator approval for the modification. • PTW/JSA did not address the installation change or dropped-object risk. • Poor communication and oversight between operator and contractor; no operator supervision of the work. | CAUSAL FACTORS: PEOPLE (ACTS): Following Procedures: Improper position (in the line of fire) PEOPLE (ACTS): Use of Protective Methods: Equipment or materials not secured PROCESS (CONDITIONS): Tools, Equipment, Materials and Products: Inadequate design/specification/management of change PROCESS (CONDITIONS): Tools, Equipment, Materials and Products: Inadequate maintenance/inspection/testing PROCESS (CONDITIONS): Organizational: Inadequate hazard identification or risk assessment PROCESS (CONDITIONS): Organizational: Inadequate supervision SOUTH & CENTRAL AMERICA OFFSHORE 86"
IOGP-HPE-2025-093,IOGP Safety performance indicators – 2025 data: High potential event reports,High Potential Event (HPE),1,Source document is an IOGP High Potential Event report,18 Jan 2025,Brazil,Drilling,Dropped objects,"Lifting, crane, rigging, deck operations",Line of fire,Safe mechanical lifting,"During load handling with the crane (Knuckle Boom Crane #1), after positioning a container on the deck and removing the sling from the crane hook, while moving the boom to connect the sling to another nearby load, the tip of Knuckle Boom Crane #1 collided with the joint of the other crane (Pipe Handling Crane) located in the center of the pipe deck, causing a load cell from KBC #1 to fall onto the top of a container on the pipe deck.",Crane collision.,"Inspection of the two cranes was carried out, and the cranes were taken out of service until repairs could be made.","PEOPLE (ACTS): Following Procedures: Improper position (in the line of fire) PEOPLE (ACTS): Following Procedures: Improper lifting or loading PEOPLE (ACTS): Use of Tools, Equipment, Materials and Products: Improper use/position of tools/equipment/ materials/products PROCESS (CONDITIONS): Work Place Hazards: Congestion, clutter or restricted motion","NARRATIVE: During load handling with the crane (Knuckle Boom Crane #1), after positioning a container on the deck and removing the sling from the crane hook, while moving the boom to connect the sling to another nearby load, the tip of Knuckle Boom Crane #1 collided with the joint of the other crane (Pipe Handling Crane) located in the center of the pipe deck, causing a load cell from KBC #1 to fall onto the top of a container on the pipe deck. | WHAT WENT WRONG: Crane collision. | CAUSAL FACTORS: PEOPLE (ACTS): Following Procedures: Improper position (in the line of fire) PEOPLE (ACTS): Following Procedures: Improper lifting or loading PEOPLE (ACTS): Use of Tools, Equipment, Materials and Products: Improper use/position of tools/equipment/ materials/products PROCESS (CONDITIONS): Work Place Hazards: Congestion, clutter or restricted motion"
IOGP-HPE-2025-094,IOGP Safety performance indicators – 2025 data: High potential event reports,High Potential Event (HPE),1,Source document is an IOGP High Potential Event report,22 Mar 2025,Brazil,Production,Dropped objects,"Lifting, crane, rigging, deck operations",Line of fire,Work authorization,"On 22 March at approximately 08:45, a tool bag was lifted from the rig floor to the derrick using catline #02 during equipment mobilisation. When the bag reached the derrickman’s platform level, it suddenly accelerated upward, struck the sheave, the bag handles failed, and the bag and tools fell, impacting a container on the deck below. No injuries occurred, but the dropped object had fatality potential.",• Catline was used improperly for lifting a tool bag. • Personnel lacked adequate training/competence in catline operation. SOUTH & CENTRAL AMERICA OFFSHORE 87 • Work scope changed without risk assessment. • JSA/permit requirements were not properly followed (not signed by all participants). • Poor communication and coordination between personnel during the lift.,• Only trained and authorised personnel should operate catline/hoisting equipment. • Conduct a risk assessment and update the JSA whenever the work scope changes. • Verify communication and clear roles between workers before lifting activities. • Ensure lifting of tools uses appropriate lifting containers and certified lifting methods. • Reinforce compliance with PTW/JSA participation and pre-job briefings.,PEOPLE (ACTS): Following Procedures: Improper position (in the line of fire) PEOPLE (ACTS): Following Procedures: Improper lifting or loading PEOPLE (ACTS): Use of Protective Methods: Equipment or materials not secured PROCESS (CONDITIONS): Organizational: Inadequate training/competence PROCESS (CONDITIONS): Organizational: Inadequate work standards/procedures PROCESS (CONDITIONS): Organizational: Inadequate hazard identification or risk assessment PROCESS (CONDITIONS): Organizational: Inadequate communication,"NARRATIVE: On 22 March at approximately 08:45, a tool bag was lifted from the rig floor to the derrick using catline #02 during equipment mobilisation. When the bag reached the derrickman’s platform level, it suddenly accelerated upward, struck the sheave, the bag handles failed, and the bag and tools fell, impacting a container on the deck below. No injuries occurred, but the dropped object had fatality potential. | WHAT WENT WRONG: • Catline was used improperly for lifting a tool bag. • Personnel lacked adequate training/competence in catline operation. SOUTH & CENTRAL AMERICA OFFSHORE 87 • Work scope changed without risk assessment. • JSA/permit requirements were not properly followed (not signed by all participants). • Poor communication and coordination between personnel during the lift. | CAUSAL FACTORS: PEOPLE (ACTS): Following Procedures: Improper position (in the line of fire) PEOPLE (ACTS): Following Procedures: Improper lifting or loading PEOPLE (ACTS): Use of Protective Methods: Equipment or materials not secured PROCESS (CONDITIONS): Organizational: Inadequate training/competence PROCESS (CONDITIONS): Organizational: Inadequate work standards/procedures PROCESS (CONDITIONS): Organizational: Inadequate hazard identification or risk assessment PROCESS (CONDITIONS): Organizational: Inadequate communication"
IOGP-HPE-2025-095,IOGP Safety performance indicators – 2025 data: High potential event reports,High Potential Event (HPE),1,Source document is an IOGP High Potential Event report,17 Nov 2025,Brazil,Production,"Explosion, fire or burns","Office, warehouse, accommodation, catering",Work authorization,Hot work,"On 17 November at approximately 09:40, the smoke detector in the laundry room activated after several cleaning cloths spontaneously combusted shortly after being removed from a dryer and placed on the floor. The fire brigade responded immediately and extinguished the fire using CO₂ and dry powder extinguishers. No injuries or asset damage occurred, but the event had potential for a serious fire and smoke exposure.","• Cleaning cloths were likely contaminated with a chemical/oily substance capable of self-heating after drying. • The chemical hazard was not identified prior to washing and drying. • Hot cloths were stacked/placed on the floor immediately after drying, allowing heat build-up and ignition. • No procedure or segregation process existed for handling contaminated rags. • Personnel did not recognise the chemical odour as a hazard indicator.","• Treat cleaning rags as potentially oil/chemical contaminated materials. • Implement segregation and identification of contaminated cloths before laundering. SOUTH & CENTRAL AMERICA OFFSHORE 88 • Allow hot cloths to cool in a ventilated metal container or spread individually -do not pile them. • Provide training on spontaneous combustion risks (especially oils, solvents, and hydrocarbons). • Establish procedures for laundering and disposal of contaminated rags. • Provide dedicated fire-safe storage bins for used cleaning cloths.",PEOPLE (ACTS): Inattention/Lack of Awareness: Improper decision making or lack of judgment PROCESS (CONDITIONS): Organizational: Inadequate work standards/procedures PROCESS (CONDITIONS): Organizational: Inadequate hazard identification or risk assessment,"NARRATIVE: On 17 November at approximately 09:40, the smoke detector in the laundry room activated after several cleaning cloths spontaneously combusted shortly after being removed from a dryer and placed on the floor. The fire brigade responded immediately and extinguished the fire using CO₂ and dry powder extinguishers. No injuries or asset damage occurred, but the event had potential for a serious fire and smoke exposure. | WHAT WENT WRONG: • Cleaning cloths were likely contaminated with a chemical/oily substance capable of self-heating after drying. • The chemical hazard was not identified prior to washing and drying. • Hot cloths were stacked/placed on the floor immediately after drying, allowing heat build-up and ignition. • No procedure or segregation process existed for handling contaminated rags. • Personnel did not recognise the chemical odour as a hazard indicator. | CAUSAL FACTORS: PEOPLE (ACTS): Inattention/Lack of Awareness: Improper decision making or lack of judgment PROCESS (CONDITIONS): Organizational: Inadequate work standards/procedures PROCESS (CONDITIONS): Organizational: Inadequate hazard identification or risk assessment"
IOGP-HPE-2025-096,IOGP Safety performance indicators – 2025 data: High potential event reports,High Potential Event (HPE),1,Source document is an IOGP High Potential Event report,27 Dec 2025,Brazil,Production,"Explosion, fire or burns","Office, warehouse, accommodation, catering",Work authorization,Hot work,"On 27 December at approximately 07:30, cleaning cloths contaminated with cooking oil were washed and dried in the laundry. After drying, the cloths were placed on the floor inside an open bag next to other cloths. Later, all laundry ventilation, exhaust, and air-conditioning systems were switched off while the room was unattended. At approximately 13:15, the cloths began releasing smoke and an incipient fire developed. The steward used a dry chemical extinguisher and the fire brigade extinguished the fire. No injuries or damage occurred, but the event had serious fire potential.","• Oil-contaminated cloths were washed and dried without special handling precautions. • Hot cloths were stored in a pile/bag, allowing heat accumulation and self-heating. • Laundry ventilation and cooling were shut down while the cloths were unattended. • No procedure existed for segregation, cooling, or disposal of oily rags. • Hazard of spontaneous combustion from oil-soaked rags was not recognised.","• Segregate oil/grease contaminated cloths before laundering. • Do not place recently dried cloths in piles, bags, or enclosed areas - allow them to cool individually in a ventilated metal container or spread out. • Maintain ventilation/exhaust until materials have cooled. • Implement procedures for handling and disposal of contaminated rags. • Train personnel on spontaneous combustion risks (oils, hydrocarbons, solvents). • Provide fire-resistant rag bins and designated storage areas. SOUTH & CENTRAL AMERICA OFFSHORE 89",PEOPLE (ACTS): Inattention/Lack of Awareness: Improper decision making or lack of judgment PROCESS (CONDITIONS): Organizational: Inadequate work standards/procedures PROCESS (CONDITIONS): Organizational: Inadequate hazard identification or risk assessment,"NARRATIVE: On 27 December at approximately 07:30, cleaning cloths contaminated with cooking oil were washed and dried in the laundry. After drying, the cloths were placed on the floor inside an open bag next to other cloths. Later, all laundry ventilation, exhaust, and air-conditioning systems were switched off while the room was unattended. At approximately 13:15, the cloths began releasing smoke and an incipient fire developed. The steward used a dry chemical extinguisher and the fire brigade extinguished the fire. No injuries or damage occurred, but the event had serious fire potential. | WHAT WENT WRONG: • Oil-contaminated cloths were washed and dried without special handling precautions. • Hot cloths were stored in a pile/bag, allowing heat accumulation and self-heating. • Laundry ventilation and cooling were shut down while the cloths were unattended. • No procedure existed for segregation, cooling, or disposal of oily rags. • Hazard of spontaneous combustion from oil-soaked rags was not recognised. | CAUSAL FACTORS: PEOPLE (ACTS): Inattention/Lack of Awareness: Improper decision making or lack of judgment PROCESS (CONDITIONS): Organizational: Inadequate work standards/procedures PROCESS (CONDITIONS): Organizational: Inadequate hazard identification or risk assessment"
IOGP-HPE-2025-097,IOGP Safety performance indicators – 2025 data: High potential event reports,High Potential Event (HPE),1,Source document is an IOGP High Potential Event report,16 Apr 2025,Brazil,Production,Struck by (not dropped object),"Lifting, crane, rigging, deck operations",Line of fire,Bypassing safety controls,A forklift traveling in reverse moved toward the spotter during the warehouse exit manoeuvre.,Failure in the spotter’s positioning and in maintaining a safe distance during the reverse manoeuvre.,Ensure proper spotter positioning and continuous maintenance of a safe distance during reversing manoeuvres to prevent personnel exposure to vehicle-related hazards.,PEOPLE (ACTS): Following Procedures: Deviation unintentional (by individual or group) PEOPLE (ACTS): Following Procedures: Improper position (in the line of fire) PEOPLE (ACTS): Use of Protective Methods: Failure to warn of hazard PROCESS (CONDITIONS): Organizational: Inadequate hazard identification or risk assessment,NARRATIVE: A forklift traveling in reverse moved toward the spotter during the warehouse exit manoeuvre. | WHAT WENT WRONG: Failure in the spotter’s positioning and in maintaining a safe distance during the reverse manoeuvre. | CAUSAL FACTORS: PEOPLE (ACTS): Following Procedures: Deviation unintentional (by individual or group) PEOPLE (ACTS): Following Procedures: Improper position (in the line of fire) PEOPLE (ACTS): Use of Protective Methods: Failure to warn of hazard PROCESS (CONDITIONS): Organizational: Inadequate hazard identification or risk assessment
IOGP-HPE-2025-098,IOGP Safety performance indicators – 2025 data: High potential event reports,High Potential Event (HPE),1,Source document is an IOGP High Potential Event report,21 Jun 2025,Brazil,Production,Struck by (not dropped object),"Transport - Water, incl. marine activity",Energy isolation,Line of fire,"During a pull-out operation on the platform, an uncommanded movement of the vessel’s aft reel occurred, exposing a worker to a potentially fatal risk.","Failure in reel control/safeguarding (locking/brake/holding system), as the equipment was not properly secured, resulting in uncommanded movement. SOUTH & CENTRAL AMERICA OFFSHORE 90","Always ensure reels and rotating equipment are properly secured using effective locking, braking, or holding systems to prevent uncommanded movement and associated hazards.","PEOPLE (ACTS): Following Procedures: Improper position (in the line of fire) PEOPLE (ACTS): Use of Tools, Equipment, Materials and Products: Servicing of energized equipment/inadequate energy isolation PEOPLE (ACTS): Use of Protective Methods: Equipment or materials not secured SOUTH & CENTRAL AMERICA OFFSHORE 91 IOGP Headquarters 3 Moorgate Place, London, EC2R 6EA, United Kingdom T: +44 20 4570 6879 E: reception@iogp.org IOGP Europe T: +32 2 882 16 53 E: reception-europe@iogp.org www.iogp.org For the full analysis of 2025 results, as well as all fatal incident reports submitted to IOGP since 1991, visit IOGP’s data website at: https://data.iogp.org","NARRATIVE: During a pull-out operation on the platform, an uncommanded movement of the vessel’s aft reel occurred, exposing a worker to a potentially fatal risk. | WHAT WENT WRONG: Failure in reel control/safeguarding (locking/brake/holding system), as the equipment was not properly secured, resulting in uncommanded movement. SOUTH & CENTRAL AMERICA OFFSHORE 90 | CAUSAL FACTORS: PEOPLE (ACTS): Following Procedures: Improper position (in the line of fire) PEOPLE (ACTS): Use of Tools, Equipment, Materials and Products: Servicing of energized equipment/inadequate energy isolation PEOPLE (ACTS): Use of Protective Methods: Equipment or materials not secured SOUTH & CENTRAL AMERICA OFFSHORE 91 IOGP Headquarters 3 Moorgate Place, London, EC2R 6EA, United Kingdom T: +44 20 4570 6879 E: reception@iogp.org IOGP Europe T: +32 2 882 16 53 E: reception-europe@iogp.org www.iogp.org For the full analysis of 2025 results, as well as all fatal incident reports submitted to IOGP since 1991, visit IOGP’s data website at: https://data.iogp.org"
